,1,1,1,23.7,470,"Car","Manual",6,"2-Wheel Drive, Rear","Not eqipped",3.54,34.9,4500,378.31,0.0184,0.00042,0.0079,,
,1,1,2,22.9,510,"Car","Manual",6,"2-Wheel Drive, Rear","Not eqipped",3.7,35.9,4500,390.5,0,0.003,0.058,,
,1,1,3,26.6,470,"Car","Semi-Automatic",6,"2-Wheel Drive, Rear","Not eqipped",3.46,28.7,4750,332.02,0.006,0.0003,0.0055,"Three-way catalyst",12
,1,1,4,27.4,420,"Car","Automated Manual",6,"2-Wheel Drive, Rear","Not eqipped",3.91,38.6,4000,323.1989,0.2568,0.0017,0.0021,"Three-way catalyst",8
,1,1,5,28.8,430,"Car","Automated Manual",7,"2-Wheel Drive, Rear","Not eqipped",4.18,36.2,4000,306.95,0.1417,0.00034,0.00002,"Three-way catalyst",8
,1,2,6,40,200,"Car","Automatic",6,"2-Wheel Drive, Front","Not eqipped",4.06,40.7,3750,222,0.13,0.002,0.002,,
,1,2,7,37.1,200,"Car","Automatic",6,"All Wheel Drive","Not eqipped",4.06,40.6,3875,239,0.23,0.0055,0.003,,
,1,2,8,42.9,211,"Car","Continuously Variable",1,"2-Wheel Drive, Front","Not eqipped",3.09,26.1,3875,207,0.11,0.0116,0.005,,
,1,2,9,42.1,211,"Car","Manual",6,"All Wheel Drive","Not eqipped",3.46,34.8,4000,210,0.17,0.0103,0.004,,
,1,2,10,40.8,265,"Both","Continuously Variable",1,"2-Wheel Drive, Front","Not eqipped",4.88,26.7,4250,216,0.35,0.011,0.004,"Three-way catalyst",6
,1,2,11,32.2,350,"Car","Automatic",6,"All Wheel Drive","Not eqipped",3.31,31.3,4500,274,0.097,0.0104,0.0293,,
,1,2,12,36.1,372,"Car","Automatic",8,"All Wheel Drive","Not eqipped",3.2,26.7,4750,246,0.15,0.0398,0.006,"Three-way catalyst",8
,1,2,13,44,200,"Car","Automatic",6,"2-Wheel Drive, Front","Not eqipped",4.06,40.7,3375,201,0.09,0.0067,0.002,"Three-way catalyst",4
,1,2,14,42,200,"Car","Manual",6,"2-Wheel Drive, Front","Not eqipped",3.09,39.2,3625,212,0.18,0.0058,0.001,,
,1,2,15,35.9,211,"Both","Automatic",8,"All Wheel Drive","Equipped, not shifted by SIL",3.76,30.3,4500,247,0.18,0.0141,0.007,"Three-way catalyst",4
,1,2,16,37.4,225,"Truck","Automatic",8,"All Wheel Drive","Not eqipped",3.27,26.8,6000,271.5974079,0,0.003477,0.0404411,"Selective Catalytic Reduction",6
,1,2,17,27.9,430,"Car","Automated Manual",6,"All Wheel Drive","Not eqipped",4.57,43.6,4000,318,0.35,0.061,0.007,"Three-way catalyst",8
,1,2,18,35,333,"Car","Automatic",7,"All Wheel Drive","Not eqipped",3.88,32.3,4250,252,0.28,0.0114,0.004,"Three-way catalyst",6
,1,2,19,29.3,354,"Car","Manual",6,"All Wheel Drive","Not eqipped",3.88,41.2,4250,302,0.46,0.0376,0.014,,
,1,2,20,26.7,429,"Car","Automatic",6,"All Wheel Drive","Not eqipped",3.8,35.5,4750,333,0.39,0.006,0.005,,
,1,2,21,35.8,200,"Car","Manual",6,"2-Wheel Drive, Front","Not eqipped",3.3,38.5,3875,248.3542822,0.0925317,0.0030219,0.0041642,"Three-way catalyst",4
,1,2,22,43.5,211,"Car","Automatic",6,"All Wheel Drive","Not eqipped",3.44,32.3,3500,204,0.14,0.0041,0.001,"Three-way catalyst",4
,1,2,23,37.3,265,"Car","Automatic",6,"All Wheel Drive","Not eqipped",4.77,41,3750,238,0.16,0.0153,0.005,,
,1,3,24,16.7,621,"Car","Automatic",6,"All Wheel Drive","Not eqipped",3.53,30.4,6000,371.6106239,0.0186057,0.0004749,0.0068407,"Three-way catalyst",12
,1,3,25,23.4,505,"Car","Semi-Automatic",8,"2-Wheel Drive, Rear","Not eqipped",2.92,22.3,6000,379.3366325,0.0806486,0.0118786,0.008875,"Three-way catalyst",8
,1,4,26,40.9,230,"Both","Manual",6,"2-Wheel Drive, Rear","Not eqipped",3.23,37.8,3500,216.4,0.0006,0.00047,0.001,"Three-way catalyst",6
,1,4,27,37,230,"Both","Automatic",6,"2-Wheel Drive, Rear","Not eqipped",3.73,34.5,3875,239.74,0.0042,0.00086,0.0015,"Three-way catalyst",6
,1,4,28,39.7,300,"Both","Manual",6,"2-Wheel Drive, Rear","Not eqipped",3.08,36.4,3625,222.83,0.5941,0.0179,0.0029,"Three-way catalyst",6
,1,4,29,38.5,300,"Both","Manual",6,"2-Wheel Drive, Rear","Not eqipped",3.08,36.4,4000,229.94,0.7372,0.05389,0.0051,"Three-way catalyst",6
,1,4,30,38.2,230,"Both","Manual",6,"2-Wheel Drive, Rear","Not eqipped",3.23,38,3625,230.94,0.014,0.00054,0.0019,,
,1,4,31,35.9,230,"Car","Manual",6,"2-Wheel Drive, Rear","Not eqipped",3.38,39.6,4000,248.3,0,0.00156,0.0014,"Three-way catalyst",6
,1,4,32,36.8,230,"Car","Semi-Automatic",6,"2-Wheel Drive, Rear","Not eqipped",3.91,36.6,4250,241.98,0.0326,0.00045,0.0003,,
,1,4,33,37.9,230,"Both","Manual",6,"2-Wheel Drive, Rear","Not eqipped",3.23,38,3875,235.08,0.0036,0.00104,0.0022,"Three-way catalyst",6
,1,4,34,34.9,230,"Car","Manual",6,"All Wheel Drive","Not eqipped",3.38,40,3875,255.29,0,0.00045,0.002,"Three-way catalyst",6
,1,4,35,36.2,230,"Car","Semi-Automatic",6,"All Wheel Drive","Not eqipped",3.91,36.6,3875,245.65,0.0178,0.00005,0.0002,"Three-way catalyst",6
,1,4,36,40.5,300,"Both","Manual",6,"2-Wheel Drive, Rear","Not eqipped",3.08,36.1,3875,218.65,0.2792,0.00792,0.0027,"Three-way catalyst",6
,1,4,37,36.4,300,"Car","Manual",6,"2-Wheel Drive, Rear","Not eqipped",3.08,37.1,4250,244.63,0.0207,0.00046,0.0054,,
,1,4,38,37.3,300,"Both","Manual",6,"All Wheel Drive","Not eqipped",3.08,36.1,4000,237.67,0.1636,0.00415,0.0018,"Three-way catalyst",6
,1,4,39,40.8,300,"Both","Semi-Automatic",6,"2-Wheel Drive, Rear","Not eqipped",3.46,33.1,3875,216.37,0.5773,0.0904,0.0022,"Three-way catalyst",6
,1,4,40,51.1,265,"Car","Automatic",6,"2-Wheel Drive, Rear","Not eqipped",2.81,26.9,4000,199.2551875,0.0047062,0.0072388,0.0084851,"Oxidation catalyst",6
,1,4,41,37.2,300,"Car","Manual",6,"2-Wheel Drive, Rear","Not eqipped",3.08,37.1,3875,237.63,0,0.00089,0.0036,,
,1,4,42,37.1,300,"Both","Semi-Automatic",6,"All Wheel Drive","Not eqipped",3.46,33.1,4000,238.1,0.3927,0.08539,0.0024,"Three-way catalyst",6
,1,4,43,35.8,320,"Car","Semi-Automatic",7,"2-Wheel Drive, Rear","Not eqipped",2.56,35.5,4250,248.23,0,0.00043,0.0018,"Three-way catalyst",6
,1,4,44,31.9,320,"Car","Semi-Automatic",7,"2-Wheel Drive, Rear","Not eqipped",2.56,35.5,3875,279.47,0.0149,0.00395,0.0048,"Three-way catalyst",6
,1,4,45,43.2,300,"Car","Semi-Automatic",8,"2-Wheel Drive, Rear","Not eqipped",3.08,20.7,4500,206.37,0.033,0.00038,0.0012,"Three-way catalyst",6
,1,4,46,40.9,300,"Car","Semi-Automatic",8,"2-Wheel Drive, Rear","Not eqipped",3.08,25.7,4750,217.48,0.0508,0.00065,0.0019,"Three-way catalyst",6
,1,4,47,38.9,300,"Car","Semi-Automatic",8,"All Wheel Drive","Not eqipped",3.08,26.7,4500,228.14,0.223,0.03251,0.0041,"Three-way catalyst",6
,1,4,48,38.1,300,"Car","Semi-Automatic",8,"All Wheel Drive","Not eqipped",3.08,25.6,5000,232.91,0.1867,0.00129,0.0036,"Three-way catalyst",6
,1,4,49,41.9,300,"Car","Semi-Automatic",8,"2-Wheel Drive, Rear","Not eqipped",3.08,26.7,4500,212.46,0.035,0.00171,0.0014,"Three-way catalyst",6
,1,4,50,34.9,400,"Car","Automatic",8,"2-Wheel Drive, Rear","Not eqipped",2.81,24.4,4750,253.61,0.1448,0.01558,0.0031,"Three-way catalyst",8
,1,4,51,31.6,400,"Car","Automatic",8,"2-Wheel Drive, Rear","Not eqipped",3.08,25.7,5250,280.57,0.0236,0.01195,0.0238,"Three-way catalyst",8
,1,4,52,33.1,400,"Car","Automatic",8,"All Wheel Drive","Not eqipped",3.08,26.7,4750,267.74,0.3737,0.0064,0.0025,"Three-way catalyst",8
,1,4,53,30.3,400,"Car","Automatic",8,"All Wheel Drive","Not eqipped",3.08,25.7,5250,291.82,0.532,0.00382,0.0033,"Three-way catalyst",8
,1,4,54,30.8,400,"Car","Automatic",8,"All Wheel Drive","Not eqipped",3.08,25.7,5250,287.62,0.1972,0.02531,0.0029,"Three-way catalyst",8
,1,4,55,34.9,315,"Car","Semi-Automatic",6,"2-Wheel Drive, Rear","Not eqipped",3.46,29.9,4750,254.84,0.0457,0.00334,0.003,"Three-way catalyst",6
,1,4,56,27.7,408,"Car","Automatic",8,"All Wheel Drive","Not eqipped",3.08,29.9,5250,317.62,0.468,0.10913,0.0031,"Three-way catalyst",8
,1,4,57,30.4,400,"Car","Semi-Automatic",6,"2-Wheel Drive, Rear","Not eqipped",3.46,29.9,4750,292.16,0.1132,0.00607,0.0103,"Three-way catalyst",8
,1,4,58,26.1,535,"Car","Automatic",8,"2-Wheel Drive, Rear","Not eqipped",2.81,23.4,5250,341.2947673,0.0822936,0.0001299,0.0027922,"Three-way catalyst",12
,1,4,59,34.1,455,"Car","Automatic",8,"2-Wheel Drive, Rear","Not eqipped",2.81,23.4,5000,259.69,0.2303,0.00267,0.004,"Three-way catalyst",8
,1,4,60,33.3,455,"Car","Automatic",8,"2-Wheel Drive, Rear","Not eqipped",2.81,23.4,5250,266.3503316,0.3847146,0.0111241,0.0084647,"Three-way catalyst",8
,1,4,61,26.6,400,"Truck","Automatic",7,"All Wheel Drive","Not eqipped",3.64,31.2,6000,334.37,0.5318,0.043,0.0048,"Three-way catalyst",8
,1,4,62,29.7,500,"Car","Automatic",6,"2-Wheel Drive, Rear","Not eqipped",3.46,18.6,5000,298.57,0.1557,0,0.0041,"Three-way catalyst",8
,1,4,63,28.5,500,"Car","Automatic",6,"All Wheel Drive","Not eqipped",3.46,18.6,5250,312.28,0.1879,0,0.0025,"Three-way catalyst",8
,1,4,64,28.9,414,"Car","Manual",7,"2-Wheel Drive, Rear","Not eqipped",3.15,25.2,4000,308.29,0.034,0.002,0.007,"Three-way catalyst",8
,1,4,65,26.5,414,"Car","Manual",7,"2-Wheel Drive, Rear","Not eqipped",3.15,25.2,4500,335.31,0.0385,0.00057,0.0039,"Three-way catalyst",8
,1,4,66,51.6,122,"Car","Automatic",6,"2-Wheel Drive, Front","Not eqipped",4.1,40.7,3125,171.58,0.0813,0.00725,0.0013,"Three-way catalyst",4
,1,4,67,52.5,122,"Car","Automatic",6,"2-Wheel Drive, Front","Not eqipped",4.1,40.7,2875,168.74,0.0602,0.00665,0.0009,"Three-way catalyst",4
,1,4,68,50.1,122,"Car","Automatic",6,"2-Wheel Drive, Front","Not eqipped",4.1,39.9,3125,177.41,0.1024,0.02335,0.001,"Three-way catalyst",4
,1,4,69,50.7,122,"Car","Automatic",6,"2-Wheel Drive, Front","Not eqipped",4.1,40.7,3125,175.3,0.0766,0.01022,0.001,"Three-way catalyst",4
,1,4,70,42,122,"Car","Automatic",6,"2-Wheel Drive, Front","Not eqipped",4.64,42.5,3375,210.72,0.1276,0.01073,0.0021,"Three-way catalyst",4
,1,4,71,46.1,205,"Car","Manual",6,"2-Wheel Drive, Front","Not eqipped",3.65,42.5,3000,192.66,0.2194,0.01145,0.0018,"Three-way catalyst",4
,1,4,72,46.5,205,"Car","Manual",6,"2-Wheel Drive, Front","Not eqipped",3.65,42.5,3250,190.89,0.2459,0.01017,0.0013,"Three-way catalyst",4
,1,4,73,49.3,180,"Car","Manual",6,"2-Wheel Drive, Front","Not eqipped",3.71,43.1,3000,180.27,0.0804,0.00742,0.0029,"Three-way catalyst",4
,1,4,74,46.3,180,"Car","Automatic",6,"2-Wheel Drive, Front","Not eqipped",3.68,35.3,3125,191.74,0.061,0.00324,0.0033,"Three-way catalyst",4
,1,4,75,50.7,180,"Car","Manual",6,"2-Wheel Drive, Front","Not eqipped",3.71,42.9,3125,175.07,0.1063,0.00871,0.0073,"Three-way catalyst",4
,1,4,76,45.3,180,"Car","Automatic",6,"2-Wheel Drive, Front","Not eqipped",3.68,33.1,3375,195.52,0.1199,0.01968,0.0036,"Three-way catalyst",4
,1,4,77,43.7,180,"Car","Manual",6,"All Wheel Drive","Not eqipped",3.71,40.4,3500,203.25,0.1854,0.01521,0.0048,"Three-way catalyst",4
,1,4,78,47.2,205,"Car","Manual",6,"2-Wheel Drive, Front","Not eqipped",3.65,42.5,3125,187.93,0.2538,0.01276,0.0012,"Three-way catalyst",4
,1,4,79,35.5,300,"Both","Semi-Automatic",8,"All Wheel Drive","Not eqipped",3.38,28.2,4500,250.2012308,0.2643622,0.0342144,0.0027176,"Three-way catalyst",6
,1,4,80,36.7,265,"Truck","Automatic",6,"All Wheel Drive","Not eqipped",3.64,30,5500,276.99,0.0165,0.01882,0.0008,"Diesel Particulate Filter",6
,1,4,81,32.1,300,"Truck","Semi-Automatic",8,"All Wheel Drive","Not eqipped",3.15,25.4,5250,274.7464566,1.0064821,0.0230875,0.0034972,"Three-way catalyst",6
,1,4,82,28,400,"Truck","Automatic",8,"All Wheel Drive","Not eqipped",3.15,25.4,5500,316.7,0.285,0.04346,0.0032,"Three-way catalyst",8
,1,4,83,22.9,555,"Truck","Semi-Automatic",6,"All Wheel Drive","Not eqipped",3.91,32.6,5500,386.9565727,0.6722118,0.0461362,0.0025632,"Three-way catalyst",8
,1,4,84,33.1,300,"Truck","Semi-Automatic",8,"All Wheel Drive","Not eqipped",3.15,25.4,5000,265.61,1.3283,0.09047,0.0053,"Three-way catalyst",6
,1,4,85,28.5,400,"Truck","Automatic",8,"All Wheel Drive","Not eqipped",3.15,25.4,5500,310.64,0.3744,0.08244,0.003,"Three-way catalyst",8
,1,4,86,23.7,555,"Truck","Semi-Automatic",6,"All Wheel Drive","Not eqipped",3.91,32.6,5500,372.42,0.4385,0.04768,0.0053,"Three-way catalyst",8
,1,4,87,36.6,300,"Car","Manual",6,"2-Wheel Drive, Rear","Not eqipped",3.08,37.2,3750,243.23,0.0893,0.00378,0.0054,"Three-way catalyst",6
,1,4,88,37.6,335,"Car","Semi-Automatic",7,"2-Wheel Drive, Rear","Not eqipped",2.56,35.3,3875,235.78,0.0213,0.00225,0.0028,"Three-way catalyst",6
,1,5,89,17.9,1200,"Car","Automatic",7,"All Wheel Drive","Not eqipped",2.59,24.9,4750,495,0.076,0.0171,0.0133,"Three-way catalyst",16
,1,6,90,43.5,173,"Both","Automatic",6,"2-Wheel Drive, Front","Not eqipped",2.24,29,3750,203.594,0.092598,0.003502,0.005354,"Three-way catalyst",4
,1,6,91,25.9,292,"Car","Automatic",5,"2-Wheel Drive, Rear","Not eqipped",2.65,26.6,4250,239.073,0.055716,0.007961,0.001516,"Three-way catalyst",6
,1,6,92,32.7,359,"Car","Automatic",5,"All Wheel Drive","Not eqipped",3.06,30.3,4750,271.092,0.258241,0.006684,0.015649,"Three-way catalyst",8
,1,6,93,34.5,340,"Car","Automatic",5,"2-Wheel Drive, Rear","Not eqipped",2.65,26.7,4500,256.584,0.206043,0.009269,0.014867,,
,1,6,94,17.2,303,"Truck","Automatic",5,"2-Wheel Drive, Rear","Not eqipped",3.55,27.3,5500,357.6718523,0.6809687,0.0205751,0.0053665,,
,1,6,95,29.2,283,"Both","Automatic",6,"2-Wheel Drive, Front","Not eqipped",2.06,26.7,3875,211.704,0.066437,0.00286,0.000816,"Three-way catalyst",6
,1,6,96,45,158,"Both","Manual",5,"2-Wheel Drive, Front","Not eqipped",2.97,39.6,3250,197.002,0.141019,0.004315,0.001398,"Three-way catalyst",4
,1,6,97,29.9,470,"Car","Automatic",5,"2-Wheel Drive, Rear","Not eqipped",3.06,30.4,4500,296.585,0.179632,0.003953,0.072443,"Three-way catalyst",8
,1,6,98,37.9,292,"Car","Automatic",5,"2-Wheel Drive, Rear","Not eqipped",2.65,27.3,4250,233.528,0.100944,0.008144,0.003639,"Three-way catalyst",6
,1,6,99,40.7,158,"Both","Manual",5,"2-Wheel Drive, Front","Not eqipped",2.97,38.1,3375,,,,,"Three-way catalyst",4
,1,6,100,17.2,200,"Truck","Automatic",5,"4-Wheel Drive","Not eqipped",3.55,28.3,5000,357.760866,0.366293,0.008675,0.019006,,
,1,6,101,25.7,295,"Truck","Automatic",5,"2-Wheel Drive, Rear","Not eqipped",3.92,29.9,4750,,,,,"Three-way catalyst",8
,1,6,102,28.1,210,"Truck","Automatic",4,"2-Wheel Drive, Rear","Not eqipped",3.55,29.6,4750,,,,,,
,1,6,103,24.4,210,"Truck","Automatic",4,"4-Wheel Drive","Not eqipped",3.92,32.1,4750,,,,,,
,1,6,104,27.7,390,"Truck","Automatic",5,"4-Wheel Drive","Not eqipped",3.47,26.5,5500,319.736,0.104815,0.007392,0.022896,"Three-way catalyst",8
,1,6,105,31.3,290,"Truck","Automatic",5,"2-Wheel Drive, Rear","Not eqipped",3.06,29,4750,283.5645274,0.0423703,0.0078256,0.0194259,"Three-way catalyst",6
,1,6,106,23.6,290,"Truck","Automatic",5,"2-Wheel Drive, Rear","Not eqipped",3.06,29,4750,263.7,0.0353,0.0078,0.0023,"Three-way catalyst",6
,1,6,107,25.5,283,"Both","Automatic",6,"2-Wheel Drive, Front","Not eqipped",2.06,24.4,4500,243.36,0.127558,0.004259,0.002315,"Three-way catalyst",6
,1,6,108,29.4,260,"Truck","Automatic",5,"2-Wheel Drive, Rear","Not eqipped",3.21,31.8,4500,,,,,,
,1,6,109,30.4,210,"Truck","Automatic",4,"2-Wheel Drive, Rear","Not eqipped",3.73,30.6,4250,,,,,"Three-way catalyst",6
,1,6,110,39.7,172,"Both","Manual",5,"2-Wheel Drive, Front","Not eqipped",2.97,37.7,3500,,,,,"Three-way catalyst",4
,1,6,111,31.9,172,"Truck","Continuously Variable",1,"4-Wheel Drive","Not eqipped",3.21,39.8,3750,277.615,0.111091,0.003316,0.0059,"Three-way catalyst",4
,1,6,112,27.2,345,"Truck","Automatic",5,"2-Wheel Drive, Rear","Not eqipped",3.21,22.8,5500,,,,,"Three-way catalyst",8
,1,6,113,27.8,215,"Truck","Automatic",4,"2-Wheel Drive, Rear","Not eqipped",3.55,26.7,5000,319.067,0.123641,0.004627,0.000484,,
,1,6,114,16.5,295,"Truck","Automatic",5,"4-Wheel Drive","Not eqipped",3.55,25.4,6000,374.4,0.2125,0.0237,0.0512,,
,1,6,115,24.8,283,"Both","Automatic",6,"2-Wheel Drive, Front","Not eqipped",2.06,26.3,4750,250.166,0.028325,0.005638,0.028432,"Three-way catalyst",6
,1,6,116,27.7,200,"Truck","Automatic",4,"4-Wheel Drive","Not eqipped",3.73,28.3,4750,319.535,0.062609,0.002867,0.002016,"Three-way catalyst",6
,1,7,117,20.9,190,"Truck","Automatic",4,"2-Wheel Drive, Rear","Not eqipped",3.55,29.8,3750,312.3,0.08,0.01,0.06,"Three-way catalyst",6
,1,8,118,21.2,250,"Car","Automatic",4,"2-Wheel Drive, Rear","Not eqipped",3.27,29.3,4500,294.693,0.232673,0.0180265,0.000663,,
,1,8,119,21.3,250,"Car","Automatic",4,"2-Wheel Drive, Rear","Not eqipped",3.55,31.8,4500,294.057,0.199897,0.0283173,0.0060529,"Three-way catalyst",8
,1,8,120,15.9,225,"Truck","Automatic",4,"2-Wheel Drive, Rear","Not eqipped",4.1,34.1,6000,393.09,0.331406,0.0025709,0.0039526,"Three-way catalyst",8
,1,8,121,16.4,255,"Truck","Automatic",4,"2-Wheel Drive, Rear","Not eqipped",3.73,31,5500,,,,,"Three-way catalyst",8
,1,8,122,17.7,305,"Truck","Automatic",5,"2-Wheel Drive, Rear","Not eqipped",3.73,30.3,7000,499.617,1.23078,0.0274635,0.0109831,"Three-way catalyst",10
,1,8,123,15.5,255,"Truck","Automatic",4,"2-Wheel Drive, Rear","Not eqipped",3.73,29.8,6500,405.371,0.0975681,0.0032702,0.006864,"Three-way catalyst",8
,1,8,124,18.6,305,"Truck","Automatic",5,"2-Wheel Drive, Rear","Not eqipped",3.73,30.3,6000,,,,,"Three-way catalyst",10
,1,8,125,35.7,305,"Truck","Semi-Automatic",6,"All Wheel Drive","Not eqipped",3.16,28.1,4500,,,,,"Three-way catalyst",6
,1,8,126,37.5,305,"Truck","Semi-Automatic",6,"2-Wheel Drive, Front","Not eqipped",3.16,27.6,4500,236.52,0.170541,0.0109412,0.0084501,"Three-way catalyst",6
,1,8,127,39.3,175,"Truck","Automatic",6,"2-Wheel Drive, Front","Not eqipped",3.51,31.4,3625,226.1971118,0.1245477,0.0068916,0.010326,"Three-way catalyst",4
,1,8,128,25.8,240,"Truck","Automatic",6,"2-Wheel Drive, Front","Not eqipped",3.51,31.4,3750,242.761,0.0256703,0.0053376,0.002761,"Three-way catalyst",6
,1,8,129,37,175,"Truck","Automatic",6,"All Wheel Drive","Not eqipped",3.51,31.4,3875,239.635,0.123717,0.0014464,0.0025508,"Three-way catalyst",4
,1,8,130,22.8,240,"Truck","Automatic",6,"All Wheel Drive","Not eqipped",3.51,31.9,4000,275.4,0.0381146,0.0009328,0.0020467,"Three-way catalyst",6
,1,8,131,42.9,155,"Truck","Continuously Variable",1,"2-Wheel Drive, Front","Not eqipped",1,8.4,4000,206.501,0.0457691,0,0.0009416,"Three-way catalyst",4
,1,8,132,20.5,310,"Truck","Automatic",6,"2-Wheel Drive, Rear","Not eqipped",3.31,24.8,6000,305.943,0.0694762,0.0056801,0.0040887,"Three-way catalyst",8
,1,8,133,24.2,310,"Truck","Automatic",6,"4-Wheel Drive","Not eqipped",3.73,27.9,6500,,,,,"Three-way catalyst",8
,1,8,134,31.4,287,"Truck","Semi-Automatic",6,"4-Wheel Drive","Not eqipped",3.39,29.1,5000,283.117,0.292164,0.0150437,0.0101314,"Three-way catalyst",6
,1,8,135,35.7,287,"Truck","Semi-Automatic",6,"2-Wheel Drive, Front","Not eqipped",3.16,27.1,4750,249.331,0.165,0.0094381,0.0094216,"Three-way catalyst",6
,1,8,136,30.1,360,"Truck","Semi-Automatic",6,"2-Wheel Drive, Rear","Not eqipped",3.15,24.8,6000,295.703,0.0188716,0.0013375,0.0023587,"Three-way catalyst",6
,1,8,137,23.4,415,"Truck","Automatic",6,"2-Wheel Drive, Rear","Not eqipped",3.73,28.2,6000,380.128,0.253534,0.012891,0.0073982,"Three-way catalyst",8
,1,8,138,29.3,360,"Truck","Semi-Automatic",6,"4-Wheel Drive","Not eqipped",3.73,27.9,6000,304.172,0.0434018,0.0022853,0.0018606,"Three-way catalyst",6
,1,8,139,17.9,360,"Truck","Automatic",6,"4-Wheel Drive","Not eqipped",3.73,27.9,6000,350.298,0.0729717,0.0000486,0.0032929,"Three-way catalyst",8
,1,8,140,23.7,275,"Truck","Automatic",6,"2-Wheel Drive, Rear","Not eqipped",3.55,27.6,5000,264.524,0.0252457,0.0009271,0.0033545,"Three-way catalyst",6
,1,8,141,20.6,275,"Truck","Automatic",6,"4-Wheel Drive","Not eqipped",3.73,28.5,5500,303.846,0.08548,0.0045094,0.0033578,"Three-way catalyst",6
,1,8,142,19.5,415,"Truck","Automatic",6,"4-Wheel Drive","Not eqipped",3.73,28.2,6500,,,,,"Three-way catalyst",8
,1,8,143,25.1,415,"Truck","Automatic",6,"2-Wheel Drive, Rear","Not eqipped",3.73,29.3,6000,353.904,0.210997,0.0060735,0.0083809,"Three-way catalyst",8
,1,8,144,23.5,415,"Truck","Automatic",6,"4-Wheel Drive","Not eqipped",3.73,27.9,6500,,,,,"Three-way catalyst",8
,1,8,145,22.4,275,"Truck","Automatic",6,"2-Wheel Drive, Rear","Not eqipped",3.73,29.3,5500,280.029,0.0324053,0.0069496,0.0054357,"Three-way catalyst",6
,1,8,146,21,275,"Truck","Automatic",6,"4-Wheel Drive","Not eqipped",3.73,29,5500,298.153,0.0441885,0.0009609,0.0035888,"Three-way catalyst",6
,1,8,147,19.6,415,"Truck","Automatic",6,"4-Wheel Drive","Not eqipped",4.1,28.7,6500,452.27588,0.4358694,0.0154382,0.0131351,"Three-way catalyst",8
,1,8,148,21,415,"Truck","Automatic",6,"4-Wheel Drive","Not eqipped",4.1,28.7,6500,,,,,"Three-way catalyst",8
,1,8,149,24.9,415,"Truck","Automatic",6,"2-Wheel Drive, Rear","Not eqipped",3.73,28.1,6000,,,,,"Three-way catalyst",8
,1,8,150,23.6,415,"Truck","Automatic",6,"4-Wheel Drive","Not eqipped",3.73,27.9,6500,,,,,"Three-way catalyst",8
,1,8,151,21,415,"Truck","Automatic",6,"4-Wheel Drive","Not eqipped",3.73,28.1,6500,,,,,"Three-way catalyst",8
,1,8,152,52.6,118,"Car","Manual",5,"2-Wheel Drive, Front","Not eqipped",3.9,39.3,2875,168.084,0.503212,0.025134,0.0024735,"Three-way catalyst",4
,1,8,153,30.2,355,"Car","Automatic",6,"All Wheel Drive","Not eqipped",3.16,28.1,5250,,,,,"Three-way catalyst",6
,1,8,154,33.1,262,"Car","Automatic",6,"2-Wheel Drive, Front","Not eqipped",3.16,28,4750,,,,,,
,1,8,155,45.3,132,"Car","Automatic",4,"2-Wheel Drive, Front","Not eqipped",3.34,35.2,3000,196.075,0.060807,0.0033476,0.001216,"Three-way catalyst",4
,1,8,156,40.2,173,"Car","Manual",6,"2-Wheel Drive, Front","Not eqipped",4.39,40.2,3625,221.308,0.0391465,0.0024871,0.0017489,"Three-way catalyst",4
,1,8,157,24.5,234,"Car","Automatic",4,"2-Wheel Drive, Rear","Not eqipped",2.73,24,4500,255.382,0.211793,0.023191,0.0005083,,
,1,8,158,33.4,270,"Car","Automatic",6,"2-Wheel Drive, Front","Not eqipped",3.16,28.9,4500,,,,,,
,1,8,159,38.3,155,"Truck","Continuously Variable",1,"4-Wheel Drive","Not eqipped",1,8.4,4250,231.804,0.0694842,0.0008371,0.0008714,,
,1,8,160,26,223,"Car","Automatic",6,"All Wheel Drive","Not eqipped",3.21,32.2,4000,241.055,0.0644272,0.0017347,0.0014716,"Three-way catalyst",6
,1,8,161,30.4,265,"Car","Automatic",6,"All Wheel Drive","Not eqipped",3.39,30,5250,,,,,"Three-way catalyst",6
,1,8,162,35.8,305,"Truck","Semi-Automatic",6,"2-Wheel Drive, Front","Not eqipped",3.16,27.6,4500,248.197,0.100204,0.0114377,0.0106154,"Three-way catalyst",6
,1,8,163,40.1,300,"Car","Automatic",6,"2-Wheel Drive, Rear","Not eqipped",2.73,24.1,4000,221.899,0.0050121,0.0015591,0.0020642,"Three-way catalyst",6
,1,8,164,17.4,310,"Truck","Automatic",6,"4-Wheel Drive","Not eqipped",3.73,28.1,6500,360.036,0.16218,0.0096311,0.0044424,"Three-way catalyst",8
,1,8,165,23,310,"Truck","Automatic",6,"4-Wheel Drive","Not eqipped",3.73,28,6500,,,,,"Three-way catalyst",8
,1,8,166,32.7,143,"Truck","Automatic",5,"2-Wheel Drive, Rear","Not eqipped",4.1,39,3750,272.191,0.150165,0.0007952,0.0001768,"Three-way catalyst",4
,1,8,167,37.7,143,"Truck","Manual",5,"2-Wheel Drive, Rear","Not eqipped",3.73,37.4,3500,234.501,0.124525,0.0189941,0.001401,"Three-way catalyst",4
,1,8,168,26.2,207,"Truck","Manual",5,"Part-time 4-Wheel Drive","Not eqipped",3.73,34.2,4250,337.616,0.867594,0.0432196,0.0019191,,
,1,8,169,24.9,207,"Truck","Automatic",5,"Part-time 4-Wheel Drive","Not eqipped",3.73,32.4,4250,355.479,1.2094,0.0591996,0.0035025,,
,1,8,170,32.3,143,"Truck","Automatic",5,"2-Wheel Drive, Rear","Not eqipped",4.1,39,3750,274.8389578,0.1838489,0.0246695,0.020614,"Three-way catalyst",4
,1,8,171,24.1,207,"Truck","Automatic",5,"Part-time 4-Wheel Drive","Not eqipped",4.1,35.6,4250,366.751,1.30589,0.06692,0.0259781,,
,1,8,172,29.1,207,"Truck","Manual",5,"2-Wheel Drive, Rear","Not eqipped",3.55,33.8,4000,304.456,0.594626,0.040623,0.000808,,
,1,8,173,34.4,365,"Car","Automatic",6,"All Wheel Drive","Not eqipped",2.77,24.9,4750,,,,,"Three-way catalyst",6
,1,8,174,37.4,263,"Car","Automatic",6,"2-Wheel Drive, Front","Not eqipped",2.77,25.3,4250,,,,,"Three-way catalyst",6
,1,8,175,23,239,"Car","Automatic",4,"2-Wheel Drive, Rear","Not eqipped",3.27,28.8,4750,272.06,0.112589,0.0010829,0.0021702,,
,1,8,176,36.8,140,"Truck","Automatic",4,"2-Wheel Drive, Front","Not eqipped",3.96,39.4,3625,241.284,0.175004,0.0140334,0.0034064,"Three-way catalyst",4
,1,9,177,47.9,103,"Car","Automatic",4,"2-Wheel Drive, Front","Not eqipped",3.84,40.9,2875,185.219,0.15929,0.00279,0.00247,"Three-way catalyst",4
,1,10,178,34.7,252,"Car","Semi-Automatic",6,"2-Wheel Drive, Front","Not eqipped",2.77,26.5,4000,254.933,0.1699,0.00593,0,"Three-way catalyst",6
,1,10,179,42.5,182,"Both","Semi-Automatic",6,"2-Wheel Drive, Front","Not eqipped",3.23,31.5,4000,212.5592956,0.336936,0.0113093,0.0098764,"Three-way catalyst",4
,1,10,180,24.5,550,"Car","Semi-Automatic",6,"2-Wheel Drive, Rear","Not eqipped",3.23,27.9,4500,363.589,0.046,0.00926,0.04599,"Three-way catalyst",8
,1,10,181,24,275,"Car","Automatic",4,"2-Wheel Drive, Front","Not eqipped",3.11,26.1,6500,368.705,0.22415,0.00876,0.0103,"Three-way catalyst",8
,1,10,182,30.3,300,"Both","Semi-Automatic",6,"All Wheel Drive","Not eqipped",3.75,29.5,5000,291.817,0.20748,0.01284,0.00209,"Three-way catalyst",6
,1,10,183,22.5,315,"Truck","Automatic",6,"2-Wheel Drive, Rear","Not eqipped",3.08,22.4,5250,277.51,0.08734,0.00519,0.00157,"Three-way catalyst",8
,1,10,184,22.2,320,"Truck","Automatic",6,"2-Wheel Drive, Rear","Not eqipped",3.42,26,5250,280.961,0.06145,0.00415,0.00054,"Three-way catalyst",8
,1,10,185,22.5,315,"Truck","Automatic",6,"2-Wheel Drive, Rear","Not eqipped",3.08,23.4,5250,277.51,0.08734,0.00519,0.00157,"Three-way catalyst",8
,1,10,186,22.2,320,"Truck","Automatic",6,"2-Wheel Drive, Rear","Not eqipped",3.08,22.5,6000,280.961,0.06145,0.00415,0.00054,"Three-way catalyst",8
,1,10,187,32.8,332,"Truck","Continuously Variable",1,"2-Wheel Drive, Rear","Not eqipped",3.08,25,6000,271.3,0.222366,0.0043799,0.0040283,"Three-way catalyst",8
,1,10,188,21.7,352,"Truck","Automatic",6,"2-Wheel Drive, Rear","Not eqipped",3.73,28.4,6500,408.091,0.590972,0.0274817,0.0036639,"Three-way catalyst",8
,1,10,189,40.1,304,"Both","Semi-Automatic",6,"2-Wheel Drive, Rear","Not eqipped",3.27,26.3,4000,212.396,0.03547,0.00376,0.00365,"Three-way catalyst",6
,1,10,190,22,195,"Truck","Automatic",4,"4-Wheel Drive","Not eqipped",3.73,28.6,5250,403.542,0.07216,0.01286,0.00186,"Three-way catalyst",6
,1,10,191,14.8,323,"Truck","Automatic",6,"2-Wheel Drive, Rear","Not eqipped",3.42,27.1,7000,423.417,0.22511,0.02121,0.01409,"Three-way catalyst",8
,1,10,192,35.2,190,"Truck","Manual",5,"2-Wheel Drive, Rear","Not eqipped",3.73,33.9,3750,251.303,0.09576,0.00255,0.00176,"Three-way catalyst",4
,1,10,193,34.1,190,"Truck","Manual",5,"4-Wheel Drive","Not eqipped",3.73,31.6,4000,251.303,0.09576,0.00255,0.00176,"Three-way catalyst",4
,1,10,194,27.7,245,"Truck","Automatic",4,"2-Wheel Drive, Rear","Not eqipped",3.73,30.3,4500,302.376,0.2758,0.00921,0.00062,"Three-way catalyst",5
,1,10,195,31.6,245,"Truck","Automatic",4,"2-Wheel Drive, Rear","Not eqipped",3.73,32.5,4000,280.737,0.3274,0.01161,0.00141,"Three-way catalyst",5
,1,10,196,29.8,245,"Truck","Automatic",4,"4-Wheel Drive","Not eqipped",3.73,28.4,4500,302.376,0.2758,0.00921,0.00062,"Three-way catalyst",5
,1,10,197,34.5,420,"Car","Semi-Automatic",6,"2-Wheel Drive, Rear","Not eqipped",2.56,22.1,3625,257.562,0.19487,0.01183,0.00428,"Three-way catalyst",8
,1,10,198,50.2,140,"Car","Automatic",6,"2-Wheel Drive, Front","Not eqipped",3.87,38.5,3375,177.4397935,0.0542031,0.0032609,0.000827,"Three-way catalyst",4
,1,10,199,54,140,"Car","Semi-Automatic",6,"2-Wheel Drive, Front","Not eqipped",3.87,38.5,3375,164.098,0.311303,0.0061738,0.0019904,"Three-way catalyst",4
,1,10,200,37.4,300,"Car","Manual",6,"2-Wheel Drive, Rear","Equipped, shifted by SIL",3.42,25.7,4250,244.497,0.14791,0.00808,0.00247,"Three-way catalyst",6
,1,10,201,37.3,304,"Car","Semi-Automatic",6,"All Wheel Drive","Not eqipped",3.23,27.5,4500,239.963,0.12182,0.01963,0.00285,"Three-way catalyst",6
,1,10,202,37,304,"Car","Semi-Automatic",6,"2-Wheel Drive, Rear","Not eqipped",3.42,29.1,4500,239.963,0.12182,0.01963,0.00285,"Three-way catalyst",6
,1,10,203,32.3,275,"Car","Automatic",4,"2-Wheel Drive, Front","Not eqipped",3.11,26.7,4250,279.847,0.15646,0.00737,0.00165,"Three-way catalyst",8
,1,10,204,31.1,288,"Both","Automatic",6,"All Wheel Drive","Not eqipped",3.16,26.2,5500,287.172,0.11171,0.00986,0.00994,"Three-way catalyst",6
,1,10,205,32.3,264,"Both","Automatic",6,"All Wheel Drive","Not eqipped",2.77,25.3,4500,274.681,0.0475736,0.0028628,0.0027242,"Three-way catalyst",6
,1,10,206,34,264,"Truck","Automatic",6,"2-Wheel Drive, Front","Not eqipped",2.77,25.3,4250,274.681,0.0475736,0.0028628,0.0027242,"Three-way catalyst",6
,1,10,207,20.7,403,"Truck","Automatic",6,"2-Wheel Drive, Rear","Not eqipped",3.42,24.7,6000,325.94,0.31623,0.00822,0.00444,"Three-way catalyst",8
,1,10,208,32.4,332,"Truck","Continuously Variable",1,"4-Wheel Drive","Not eqipped",3.08,24.6,6500,273.277,0.0762396,0.0056135,0.0037139,"Three-way catalyst",8
,1,10,209,20,403,"Truck","Automatic",6,"All Wheel Drive","Not eqipped",3.42,24.7,6000,325.94,0.31623,0.00822,0.00444,"Three-way catalyst",8
,1,10,210,36.3,210,"Car","Semi-Automatic",6,"All Wheel Drive","Not eqipped",3.33,30.3,4250,245.027,0.02481,0.01911,0.00482,"Three-way catalyst",4
,1,10,211,22.7,275,"Car","Automatic",4,"2-Wheel Drive, Front","Not eqipped",3.11,26.1,6000,391.543,0.37746,0.01228,0.00992,"Three-way catalyst",8
,1,10,212,18.2,301,"Truck","Automatic",4,"2-Wheel Drive, Rear","Not eqipped",3.42,27.2,5500,348.414,0.13283,0.00396,0.00304,"Three-way catalyst",8
,1,10,213,17.4,301,"Truck","Automatic",4,"2-Wheel Drive, Rear","Not eqipped",3.73,29.6,6000,357.907,0.10209,0.00675,0.00532,"Three-way catalyst",8
,1,10,214,16.6,280,"Truck","Automatic",6,"2-Wheel Drive, Rear","Not eqipped",3.42,26,6500,376.461,0.05029,0.01035,0.00205,"Three-way catalyst",8
,1,10,215,15.9,323,"Truck","Automatic",6,"2-Wheel Drive, Rear","Not eqipped",3.42,26,7000,393.437,0.26553,0.01998,0.00162,"Three-way catalyst",8
,1,10,216,17.4,301,"Truck","Automatic",4,"All Wheel Drive","Not eqipped",3.73,29.6,5500,357.907,0.10209,0.00675,0.00532,"Three-way catalyst",8
,1,10,217,16.7,301,"Truck","Automatic",4,"All Wheel Drive","Not eqipped",3.73,29.6,6000,374.611,0.11374,0.00802,0.00721,"Three-way catalyst",8
,1,10,218,30.3,211,"Car","Automatic",4,"2-Wheel Drive, Front","Not eqipped",2.86,25.9,3875,207.905,0.37372,0.03,0.00215,"Three-way catalyst",6
,1,10,219,21.8,320,"Truck","Automatic",6,"4-Wheel Drive","Not eqipped",3.42,24.9,5250,280.961,0.06145,0.00415,0.00054,"Three-way catalyst",8
,1,10,220,21.9,320,"Truck","Automatic",6,"4-Wheel Drive","Not eqipped",3.42,25,6000,284.714,0.07176,0.007,0,"Three-way catalyst",8
,1,10,221,32.5,332,"Truck","Continuously Variable",1,"4-Wheel Drive","Not eqipped",3.08,25,6000,271.3,0.222366,0.0043799,0.0040283,"Three-way catalyst",8
,1,10,222,18.1,403,"Truck","Automatic",6,"All Wheel Drive","Not eqipped",3.42,24.9,6500,344.09,0.22698,0.0053,0.00039,"Three-way catalyst",8
,1,10,223,21.2,352,"Truck","Automatic",6,"4-Wheel Drive","Not eqipped",3.73,27.4,7000,417.563,0.474835,0.0221009,0.0059453,"Three-way catalyst",8
,1,10,224,37,255,"Both","Semi-Automatic",6,"2-Wheel Drive, Front","Not eqipped",2.77,26.5,4500,233.114,0.07628,0.00512,0.00169,"Three-way catalyst",6
,1,10,225,36.1,255,"Both","Semi-Automatic",6,"All Wheel Drive","Not eqipped",2.77,26.1,4500,233.114,0.07628,0.00512,0.00169,"Three-way catalyst",6
,1,10,226,26.9,275,"Car","Automatic",4,"2-Wheel Drive, Front","Not eqipped",3.11,26.1,5250,362.0639,0.05602,0.022052,0.010117,"Three-way catalyst",8
,1,10,227,27.3,236,"Car","Automatic",4,"2-Wheel Drive, Front","Not eqipped",2.93,25.9,4250,229.229,0.62401,0.00584,0,"Three-way catalyst",6
,1,10,228,36.4,250,"Car","Semi-Automatic",6,"2-Wheel Drive, Front","Not eqipped",2.77,26.4,3875,242.894,0.81052,0.05387,0.00919,"Three-way catalyst",6
,1,10,229,31.2,220,"Car","Manual",6,"2-Wheel Drive, Front","Not eqipped",3.76,29.6,4000,184.799,0.087,0.0052,0.0037,"Three-way catalyst",4
,1,10,230,34.4,265,"Both","Semi-Automatic",6,"2-Wheel Drive, Front","Not eqipped",3.39,29,4750,257.625,0.0356,0.00249,0.02213,"Three-way catalyst",6
,1,10,231,31.3,265,"Both","Semi-Automatic",6,"All Wheel Drive","Not eqipped",3.39,28.9,4750,284.409,0.17296,0.01316,0.00947,"Three-way catalyst",6
,1,10,232,31.6,288,"Both","Automatic",6,"All Wheel Drive","Not eqipped",3.16,26,5250,287.172,0.11171,0.00986,0.00994,"Three-way catalyst",6
,1,10,233,33,288,"Both","Automatic",6,"2-Wheel Drive, Front","Not eqipped",3.16,26,5000,287.172,0.11171,0.00986,0.00994,"Three-way catalyst",6
,1,10,234,52.6,85,"Car","Continuously Variable",1,"2-Wheel Drive, Front","Not eqipped",2.16,92.1,4000,168.0803047,0.4399892,0.0102683,0.0048618,"Three-way catalyst",4
,1,11,235,38.3,271,"Car","Automatic",5,"2-Wheel Drive, Front","Not eqipped",4.53,34,4250,232.43,0.004,0.00222,0.004,,6
,1,11,236,36.2,271,"Car","Automatic",5,"All Wheel Drive","Not eqipped",4.53,34,4250,244.57,0.004,0.00156,0.0039,,6
,1,11,237,44.5,190,"Car","Manual",5,"2-Wheel Drive, Front","Not eqipped",4.39,38.1,3625,201.48,0.006,0.00628,0.0024,,4
,1,11,238,42.6,271,"Car","Automatic",5,"2-Wheel Drive, Front","Not eqipped",4.31,31.2,3875,207.75,0,0.00172,0.0037,,6
,1,11,239,36.6,271,"Car","Manual",6,"2-Wheel Drive, Front","Not eqipped",3.55,35.9,3750,242.14,0.001,0.00113,0.0038,,6
,1,11,240,45.1,190,"Car","Manual",5,"2-Wheel Drive, Front","Not eqipped",4.39,38.1,3625,198.41,0.008,0.00822,0.0021,,4
,1,11,241,46.4,190,"Car","Automatic",5,"2-Wheel Drive, Front","Not eqipped",4.44,32,3625,190.6,0.029,0.00181,0.0024,,4
,1,11,242,48.1,177,"Car","Manual",5,"2-Wheel Drive, Front","Not eqipped",4.39,38,3625,186.47,0.007,0.0017,0.0018,,4
,1,11,243,50.1,140,"Car","Automatic",5,"2-Wheel Drive, Front","Not eqipped",4.44,32.6,3125,177.8168934,0.0312994,0.0033715,0.0042086,,
,1,11,244,50.5,113,"Car","Automatic",5,"2-Wheel Drive, Front","Not eqipped",4.44,32.6,3250,132.43,0.203,,0.002,,
,1,11,245,65,110,"Car","Continuously Variable",1,"2-Wheel Drive, Front","Not eqipped",4.94,29.1,3125,136.703344,0.1249669,0.0003854,0,,4
,1,11,246,52.2,140,"Car","Automatic",5,"2-Wheel Drive, Front","Not eqipped",4.44,32.6,3000,170.01,0.046,0.0023,0.0036,,
,1,11,247,40.5,197,"Car","Manual",6,"2-Wheel Drive, Front","Not eqipped",4.76,44,3250,218.4,0.097,0.01172,0.0075,,
,1,11,248,39.2,180,"Truck","Automatic",5,"2-Wheel Drive, Front","Not eqipped",4.5,31.5,3750,226.81,0.009,0.00348,0.0067,"Three-way catalyst",4
,1,11,249,36.7,180,"Truck","Automatic",5,"All Wheel Drive","Not eqipped",4.5,31.5,3875,242.05,0.033,0.00859,0.0081,"Three-way catalyst",4
,1,11,250,37.8,180,"Truck","Automatic",5,"All Wheel Drive","Not eqipped",4.5,31.5,3875,234.66,0.021,0.00728,0.0074,"Three-way catalyst",4
,1,11,251,55.1,122,"Car","Continuously Variable",1,"2-Wheel Drive, Front","Not eqipped",4.2,25.4,3000,161.4239502,0.0973237,0.000133,0.0007345,,4
,1,11,252,34.3,166,"Car","Automatic",5,"2-Wheel Drive, Front","Not eqipped",4.5,32.2,3875,257.91,0.191,0,0.0034,,
,1,11,253,33.5,166,"Car","Automatic",5,"All Wheel Drive","Not eqipped",4.5,32.2,4000,263.97,0.17,0.00002,0.0053,,
,1,11,254,,100,"Car","Other",1,"2-Wheel Drive, Front","Not eqipped",3.75,126.4,3875,,,,,,
,1,11,255,61.2,98,"Car","Continuously Variable",1,"2-Wheel Drive, Front","Not eqipped",4.2,32.5,3000,145.17,0.065,0.00323,0.0019,,4
,1,11,256,61.2,98,"Car","Other",1,"2-Wheel Drive, Front","Not eqipped",4.2,32.5,3000,145.19,0.071,0.00427,0.0066,,4
,1,11,257,28.7,300,"Truck","Semi-Automatic",6,"All Wheel Drive","Not eqipped",4.25,28.2,5000,310.13,0.006,0.00253,0.0032,"Three-way catalyst",6
,1,11,258,38.3,248,"Truck","Automatic",5,"2-Wheel Drive, Front","Not eqipped",4.31,32.2,4750,233.28,0.065,0.0031,0.003,,6
,1,11,259,38.8,248,"Truck","Automatic",6,"2-Wheel Drive, Front","Not eqipped",4.25,28.6,4750,229.58,0.059,0.00239,0.0038,,6
,1,11,260,32.5,250,"Truck","Automatic",5,"2-Wheel Drive, Front","Not eqipped",4.31,31.3,4500,272.52,0.019,0.00401,0.0052,,
,1,11,261,30.5,250,"Truck","Automatic",5,"All Wheel Drive","Not eqipped",4.31,31.3,4750,290.93,0.026,0.00299,0.0069,,
,1,11,262,31.8,250,"Truck","Automatic",5,"2-Wheel Drive, Front","Not eqipped",4.31,31.3,4750,278.6,0.02,0.00456,0.004,,
,1,11,263,34.4,240,"Truck","Semi-Automatic",5,"2-Wheel Drive, Front","Not eqipped",4.31,34.6,4000,259.43,0.14,0.00033,0.0043,"Three-way catalyst",4
,1,11,264,28.2,250,"Truck","Automatic",5,"All Wheel Drive","Not eqipped",4.53,28.7,4750,314.7,0.006,0.00182,0.0025,,
,1,11,265,33.6,300,"Car","Semi-Automatic",6,"All Wheel Drive","Not eqipped",3.72,27,4500,265.82,0.011,0.00117,0.0105,,6
,1,11,266,36.8,280,"Car","Semi-Automatic",5,"2-Wheel Drive, Front","Not eqipped",4.31,27.7,4000,241.44,0.002,0.00217,0.0034,,
,1,11,267,34.3,305,"Car","Semi-Automatic",5,"All Wheel Drive","Not eqipped",4.53,29.1,4250,260.33,0.018,0.00077,0.0033,,
,1,11,268,31.6,300,"Car","Semi-Automatic",6,"All Wheel Drive","Not eqipped",4.25,28.1,4750,281.3384821,0.0181996,0.0046651,0.0038507,"Three-way catalyst",6
,1,12,269,50.4,110,"Car","Automatic",4,"2-Wheel Drive, Front","Not eqipped",4.04,42,2875,177.41,0.0938,0.0018,0.0043,"Three-way catalyst",4
,1,12,270,51.3,110,"Car","Manual",5,"2-Wheel Drive, Front","Equipped, shifted by SIL",4.06,43.9,2875,173.3702469,0.0511008,0.0017971,0.0045942,"Three-way catalyst",4
,1,12,271,38.1,283,"Car","Automatic",6,"2-Wheel Drive, Front","Not eqipped",3.04,30.3,4000,234.23,0.0553,0.0006,0.0113,"Three-way catalyst",6
,1,12,272,56.5,145,"Car","Automatic",6,"2-Wheel Drive, Front","Not eqipped",3.07,33.2,3000,157.01,0.0703,0.0006,0.0026,"Three-way catalyst",4
,1,12,273,42.6,138,"Car","Automatic",4,"2-Wheel Drive, Front","Not eqipped",4.12,41.4,3375,208.7476587,0.062503,0.0011756,0.0093071,"Three-way catalyst",4
,1,12,274,33.9,385,"Car","Automatic",6,"2-Wheel Drive, Rear","Not eqipped",3.13,27.5,4750,261.7542092,0.0263628,0.0003202,0.0035903,"Three-way catalyst",8
,1,12,275,34.4,385,"Car","Automatic",6,"2-Wheel Drive, Rear","Not eqipped",3.13,28.1,4500,259.33,0.0161,0.0015,0.0052,"Three-way catalyst",8
,1,12,276,41.9,210,"Car","Automatic",5,"2-Wheel Drive, Rear","Not eqipped",3.91,42.7,3750,212.2583499,0.0171288,0.0004283,0.0074349,"Three-way catalyst",4
,1,12,277,36.4,276,"Truck","Automatic",6,"2-Wheel Drive, Front","Not eqipped",3.2,30.1,4250,244.63,0.0061,0.0023,0.012,"Three-way catalyst",6
,1,12,278,49,190,"Car","Automatic",6,"2-Wheel Drive, Front","Not eqipped",2.89,30,3500,182.0278,0.0355,0.0013,0.0016,"Three-way catalyst",4
,1,12,279,59.9,166,"Car","Automatic",6,"2-Wheel Drive, Front","Not eqipped",3.32,34.5,3750,148.3990605,0.1755325,0.0023897,0.0000523,"Three-way catalyst",4
,1,12,280,37.6,165,"Truck","Manual",5,"2-Wheel Drive, Front","Not eqipped",4.53,47.1,3500,236.99,0.0465,0.0043,0.0036,"Three-way catalyst",4
,1,12,281,31.1,260,"Truck","Automatic",6,"4-Wheel Drive","Not eqipped",3.46,30.9,4750,284.88,0.3234,0.0031,0.0073,"Three-way catalyst",6
,1,13,282,32.7,385,"Car","Automatic",6,"2-Wheel Drive, Rear","Not eqipped",3.31,29.6,4250,270.02,0.0161,0.00753,0.02846,"Three-way catalyst",8
,1,13,283,29.8,510,"Car","Automatic",6,"2-Wheel Drive, Rear","Not eqipped",3.31,29.6,4500,296.44,0.0418,0.00593,0.02023,"Three-way catalyst",8
,1,13,284,31.1,385,"Car","Semi-Automatic",6,"2-Wheel Drive, Rear","Not eqipped",3.31,28.6,4500,285.43,0.0256,0.00715,0.01906,"Three-way catalyst",8
,1,13,285,30.9,385,"Car","Automatic",6,"2-Wheel Drive, Rear","Not eqipped",3.31,29.6,4250,286.27,0.082,0.01277,0.00248,"Three-way catalyst",8
,1,13,286,32.9,385,"Car","Automatic",6,"2-Wheel Drive, Rear","Not eqipped",3.31,29.6,4000,268.18,0.0758,0.01287,0.00233,"Three-way catalyst",8
,1,13,287,30.4,510,"Car","Automatic",6,"2-Wheel Drive, Rear","Not eqipped",3.31,29.6,4250,290.14,0.3811,0.02951,0.00191,"Three-way catalyst",8
,1,14,288,28.4,337,"Truck","Automatic",6,"4-Wheel Drive","Not eqipped",3.36,26.8,5000,312.05,0.005,0.0014,0.0039,"Three-way catalyst",8
,1,14,289,49.1,154,"Car","Automatic",6,"2-Wheel Drive, Front","Not eqipped",2.89,31.2,3250,180.7,0.0122,0,0.0015,"Three-way catalyst",4
,1,14,290,51,154,"Car","Automatic",6,"2-Wheel Drive, Front","Not eqipped",2.89,31.2,3125,173.5959984,0.0451516,0.0010095,0.0014416,"Three-way catalyst",4
,1,14,291,46.2,156,"Car","Manual",6,"2-Wheel Drive, Front","Not eqipped",4.19,44.3,3125,192.56,0.0352,0.0031,0.0094,"Three-way catalyst",4
,1,14,292,49.1,192,"Car","Automatic",6,"2-Wheel Drive, Front","Not eqipped",2.89,30,3500,181.1141,0.027,0.002,0.002,"Three-way catalyst",4
,1,14,293,49.1,110,"Car","Automatic",4,"2-Wheel Drive, Front","Not eqipped",4.04,42,2875,180.663179,0.0740642,0.0017009,0.0152305,"Three-way catalyst",4
,1,14,294,37.1,175,"Car","Automatic",4,"2-Wheel Drive, Front","Not eqipped",4.07,39.5,3750,239.34,0.044,0.003,0.002,"Three-way catalyst",4
,1,14,295,34.4,271,"Truck","Automatic",6,"2-Wheel Drive, Front","Not eqipped",3.04,29.3,4750,259.124,0.2213,0.0024,0.0115,"Three-way catalyst",6
,1,14,296,37.3,175,"Truck","Manual",6,"2-Wheel Drive, Front","Not eqipped",3.74,40.5,3875,239.63,0.0443,0.0012,0.0036,"Three-way catalyst",4
,1,14,297,44.2,124,"Car","Manual",5,"2-Wheel Drive, Front","Not eqipped",4.27,50.1,3000,200.59,0.0625,0.001,0.007,"Three-way catalyst",4
,1,14,298,38.8,170,"Truck","Automatic",6,"4-Wheel Drive","Not eqipped",3.2,31.2,3750,229.79,0.0087,0.0014,0.0029,"Three-way catalyst",4
,1,15,299,30.3,230,"Truck","Automatic",6,"4-Wheel Drive","Not eqipped",3.75,30.6,4500,293.8,0.3783,0.01191,0.01056,"Three-way catalyst",6
,1,15,300,23.8,375,"Truck","Automatic",6,"4-Wheel Drive","Not eqipped",3.54,31,6000,369.58,0.2013,0.02916,0.00411,"Three-way catalyst",8
,1,15,301,25.5,375,"Truck","Automatic",6,"4-Wheel Drive","Not eqipped",3.54,30.9,6000,345.82,0.0477,0.0002,0.0189,"Three-way catalyst",8
,1,15,302,24.8,375,"Truck","Automatic",6,"4-Wheel Drive","Not eqipped",3.54,32,6000,355.83,0.0339,0.0118,0.0035,"Three-way catalyst",8
,1,15,303,23.6,510,"Truck","Automatic",6,"4-Wheel Drive","Not eqipped",3.54,32.5,6000,374.24,0.0192,0.00214,0.0022,"Three-way catalyst",8
,1,15,304,24.6,510,"Truck","Automatic",6,"4-Wheel Drive","Not eqipped",3.54,31,6000,357.55,0.8348,0.05058,0.01719,"Three-way catalyst",8
,1,16,305,37,260,"Car","Manual",6,"2-Wheel Drive, Rear","Not eqipped",4.53,51,2375,238.542,0.97023,0.04847,0.00165,,
,1,16,306,33.8,345,"Car","Manual",6,"2-Wheel Drive, Rear","Not eqipped",3.77,48,3500,262.447,0.61124,0.03453,0.00042,"Three-way catalyst",6
,1,17,307,31.5,140,"Truck","Automatic",6,"4-Wheel Drive","Not eqipped",4.55,35.1,5000,323.2162883,0.0304395,0.0035931,0.0137539,"Diesel Particulate Filter",4
,1,18,308,27.6,399,"Car","Automatic",6,"2-Wheel Drive, Rear","Equipped, not shifted by SIL",3.73,32.1,4500,321.428,0.039,0.008,0.015,"Three-way catalyst",8
,1,18,309,27.3,434,"Car","Automatic",6,"2-Wheel Drive, Rear","Equipped, not shifted by SIL",3.73,32.1,4750,324.453,0.149,0.003,0.006,"Three-way catalyst",8
,1,18,310,27.8,434,"Car","Automatic",6,"2-Wheel Drive, Rear","Equipped, not shifted by SIL",3.54,30.5,4500,318.398,0.116,0.008,0.015,"Three-way catalyst",8
,1,18,311,27.4,396,"Car","Automatic",6,"2-Wheel Drive, Rear","Equipped, not shifted by SIL",3.54,31.4,4750,323.699,0.105,0.022,0.044,"Three-way catalyst",8
,1,18,312,26.5,424,"Car","Automatic",6,"2-Wheel Drive, Rear","Equipped, not shifted by SIL",3.54,31.4,4750,334.283,0.194,0.024,0.026,"Three-way catalyst",8
,1,19,313,36.3,272,"Car","Automatic",6,"2-Wheel Drive, Front","Not eqipped",3.2,28.9,3875,244.969,0.135752,0.002835,0.0045184,"Three-way catalyst",6
,1,19,314,34.7,244,"Truck","Automatic",6,"2-Wheel Drive, Front","Not eqipped",3.75,30.8,4000,256,0.0674,0.015386,0.00248,"Three-way catalyst",4
,1,19,315,30.3,274,"Truck","Automatic",6,"4-Wheel Drive","Not eqipped",3.46,27.8,4750,292.68,0.0917543,0.0049775,0.0228037,"Three-way catalyst",6
,1,19,316,33.8,273,"Truck","Automatic",6,"2-Wheel Drive, Front","Not eqipped",3.46,27.9,4750,262.889,0.213607,0.0094729,0.0073311,"Three-way catalyst",6
,1,19,317,49.6,100,"Car","Manual",5,"2-Wheel Drive, Front","Not eqipped",3.85,44.9,2625,179.51,0.027,0.00691,0.0056,"Three-way catalyst",4
,1,19,318,46.7,148,"Car","Semi-Automatic",5,"2-Wheel Drive, Front","Not eqipped",3.46,33.3,3250,187,0.01,0.001785,0.0017,"Three-way catalyst",4
,1,19,319,43.7,168,"Car","Semi-Automatic",5,"2-Wheel Drive, Front","Not eqipped",3.65,31.9,3625,203.78,0.15,0.00204,0.0028,"Three-way catalyst",4
,1,19,320,34.7,263,"Car","Manual",6,"2-Wheel Drive, Front","Not eqipped",3.53,38.5,3625,255,0.1154,0.014502,0.00491,"Three-way catalyst",4
,1,19,321,39.9,158,"Car","Manual",6,"2-Wheel Drive, Rear","Not eqipped",4.1,34.5,2875,219,0.0376,0.002984,0.00217,"Three-way catalyst",4
,1,19,322,32.4,212,"Car","Automatic",6,"2-Wheel Drive, Rear","Not eqipped",4.3,33.5,3375,263,0.2469,0.011187,0.00712,,
,1,20,323,35.4,228,"Car","Automatic",7,"2-Wheel Drive, Rear","Not eqipped",3.07,31.3,3875,248.17,0.0658,0.00278,0.0066,"Three-way catalyst",6
,1,20,324,34.9,228,"Car","Automatic",7,"4-Wheel Drive","Not eqipped",3.07,31.3,4000,251.96,0.0787,0.00903,0.00293,"Three-way catalyst",6
,1,20,325,34.8,268,"Car","Automatic",7,"2-Wheel Drive, Rear","Not eqipped",2.82,28.7,3875,254.98,0.1191,0.01674,0.00885,"Three-way catalyst",6
,1,20,326,26.8,451,"Car","Automatic",7,"2-Wheel Drive, Rear","Not eqipped",2.82,28.4,4250,330.49,0.17494,0.00531,0.00933,"Three-way catalyst",8
,1,20,327,35.9,228,"Both","Automatic",7,"2-Wheel Drive, Rear","Not eqipped",3.07,31.3,3875,243.28,0.0458,0.00139,0.0015,"Three-way catalyst",6
,1,20,328,31.8,435,"Car","Automatic",7,"4-Wheel Drive","Not eqipped",2.65,24.7,5000,279.46,0.0472,0.00161,0.0459,"Three-way catalyst",8
,1,20,329,25.3,510,"Car","Automatic",5,"2-Wheel Drive, Rear","Not eqipped",2.65,27.5,5250,351.38,0.15482,0.0071,0.00064,"Three-way catalyst",12
,1,20,330,28.9,544,"Car","Automatic",7,"2-Wheel Drive, Rear","Not eqipped",2.65,28,5250,305.65,0.5642,0.03154,0.0154,"Three-way catalyst",8
,1,20,331,25.3,621,"Car","Automatic",5,"2-Wheel Drive, Rear","Not eqipped",2.65,27.7,5250,349.9,0.229,0.028,0.0027,"Three-way catalyst",12
,1,20,332,29,382,"Car","Automatic",7,"2-Wheel Drive, Rear","Not eqipped",2.82,27.9,4500,307,0.2884,0.0448,0.0029,"Three-way catalyst",8
,1,20,333,25,507,"Both","Automatic",7,"2-Wheel Drive, Rear","Not eqipped",2.82,26,4500,355.12,0.145,0.00361,0.0062,"Three-way catalyst",8
,1,20,334,33.2,268,"Both","Automatic",7,"2-Wheel Drive, Rear","Not eqipped",3.07,30.7,4250,266.75,0.0267,0.00148,0.00127,"Three-way catalyst",6
,1,20,335,34.9,268,"Car","Automatic",7,"2-Wheel Drive, Rear","Not eqipped",2.82,28.5,4250,253.58,0.0938,0.014,0.00145,"Three-way catalyst",6
,1,20,336,33.2,268,"Car","Automatic",7,"4-Wheel Drive","Not eqipped",3.07,30.2,4500,267.3,0.1332,0.01391,0.0017,"Three-way catalyst",6
,1,20,337,47.1,210,"Car","Automatic",7,"2-Wheel Drive, Rear","Not eqipped",2.65,26.1,4500,216.24,0.0048,0.00939,0.0015,"Selective Catalytic Reduction",6
,1,20,338,35.7,268,"Both","Automatic",7,"2-Wheel Drive, Rear","Not eqipped",2.82,28.5,4000,245.67,0.0428,0.00439,0.0007,"Three-way catalyst",6
,1,20,339,32.3,382,"Both","Automatic",7,"2-Wheel Drive, Rear","Not eqipped",2.47,24.7,4500,274.97,0.1479,0.04909,0.0016,"Three-way catalyst",8
,1,20,340,30.6,268,"Both","Automatic",7,"2-Wheel Drive, Rear","Not eqipped",2.65,26.8,4500,288.813,0.24591,0.0412,0.00386,"Three-way catalyst",8
,1,20,341,31.7,268,"Both","Automatic",7,"2-Wheel Drive, Rear","Not eqipped",2.65,26.8,4250,277.23,0.2761,0.0444,0.0036,"Three-way catalyst",8
,1,20,342,31.5,382,"Both","Automatic",7,"4-Wheel Drive","Not eqipped",2.47,24.3,4750,282.26,0.1584,0.04506,0.0018,"Three-way catalyst",8
,1,20,343,26.9,518,"Both","Automatic",7,"2-Wheel Drive, Rear","Not eqipped",2.82,29.7,4500,327.71,0.2646,0.00556,0.0118,"Three-way catalyst",8
,1,20,344,,134,"Car","Automatic",1,"2-Wheel Drive, Front","Not eqipped",1,0,4000,,,,,,
,1,20,345,18.7,500,"Truck","Automatic",5,"4-Wheel Drive","Not eqipped",4.11,41.5,6000,472.78,0.2449,0.00335,0.0034,"Three-way catalyst",8
,1,20,346,20.1,382,"Both","Automatic",7,"4-Wheel Drive","Not eqipped",4.38,41.3,6000,438.52,0.2923,0.03344,0.0089,"Three-way catalyst",8
,1,20,347,31.5,210,"Truck","Automatic",7,"4-Wheel Drive","Not eqipped",3.7,30.2,6000,323.12,0.0037,0.00306,0.0006,"Diesel Particulate Filter",6
,1,20,348,24.2,335,"Both","Automatic",7,"4-Wheel Drive","Not eqipped",3.7,30.2,6000,366.26,0.4741,0.03219,0.0116,"Three-way catalyst",8
,1,20,349,23.2,382,"Both","Automatic",7,"4-Wheel Drive","Not eqipped",3.7,31,6000,379.76,0.3592,0.02784,0.00683,"Three-way catalyst",8
,1,20,350,31.3,268,"Both","Automatic",7,"2-Wheel Drive, Rear","Not eqipped",3.27,29.2,4500,284.13,0.1025,0.00257,0.0014,"Three-way catalyst",6
,1,20,351,29.4,268,"Both","Automatic",7,"4-Wheel Drive","Not eqipped",3.46,32.8,4500,301.91,0.055,0.00177,0.0019,"Three-way catalyst",6
,1,20,352,28.1,268,"Truck","Automatic",7,"2-Wheel Drive, Rear","Not eqipped",3.9,33.8,5000,312.15,0.3462,0.02993,0.0037,"Three-way catalyst",6
,1,20,353,27.1,268,"Truck","Automatic",7,"2-Wheel Drive, Rear","Not eqipped",3.9,33.8,5250,325.83,0.398,0.03605,0.0058,"Three-way catalyst",6
,1,20,354,34.4,210,"Truck","Automatic",7,"4-Wheel Drive","Not eqipped",3.45,30,5250,296.38,0.0043,0.00384,0.0015,"Selective Catalytic Reduction",6
,1,20,355,25.3,382,"Both","Automatic",7,"4-Wheel Drive","Not eqipped",3.7,32,5500,350.26,0.2681,0.01609,0.0061,"Three-way catalyst",8
,1,20,356,19.7,503,"Both","Automatic",7,"4-Wheel Drive","Not eqipped",3.45,29.6,5500,451.29,0.8418,0.01,0.0055,"Three-way catalyst",8
,1,20,357,33.7,275,"Truck","Continuously Variable",1,"4-Wheel Drive","Not eqipped",3.45,29.8,5500,262.13,0.134,0.00153,0.0015,"Three-way catalyst",6
,1,20,358,26.5,268,"Truck","Automatic",7,"4-Wheel Drive","Not eqipped",3.7,32.1,5500,333.53,0.4316,0.0196,0.0028,"Three-way catalyst",6
,1,20,359,33.3,210,"Truck","Automatic",7,"4-Wheel Drive","Not eqipped",3.45,30,5500,305.81,0.0032,0.00255,0.0013,"Diesel Particulate Filter",6
,1,20,360,35,275,"Car","Automatic",7,"2-Wheel Drive, Rear","Not eqipped",3.07,28.6,5000,248.8401166,0.0802477,0.002405,0.0008046,"Three-way catalyst",6
,1,20,361,32,382,"Both","Automatic",7,"2-Wheel Drive, Rear","Not eqipped",2.65,24.7,4750,275.94,0.2391,0.05164,0.00888,"Three-way catalyst",8
,1,20,362,29.8,382,"Both","Automatic",7,"4-Wheel Drive","Not eqipped",2.65,24.7,5000,297.19,0.1491,0.03233,0.0025,"Three-way catalyst",8
,1,20,363,25.6,510,"Car","Automatic",5,"2-Wheel Drive, Rear","Not eqipped",2.65,25.3,5250,347.04,0.19167,0.0008,0.014,"Three-way catalyst",12
,1,20,364,30.2,544,"Car","Automatic",7,"2-Wheel Drive, Rear","Not eqipped",2.65,28,5250,294.4,0.1622,0.00869,0.0053,"Three-way catalyst",8
,1,20,365,26.3,621,"Car","Automatic",5,"2-Wheel Drive, Rear","Not eqipped",2.65,27.7,5500,337.48,0.1952,0.0097,0.0024,"Three-way catalyst",12
,1,20,366,28.6,382,"Both","Automatic",7,"2-Wheel Drive, Rear","Not eqipped",2.65,25.7,4500,310.36,0.2411,0.06144,0.003,"Three-way catalyst",8
,1,20,367,26,518,"Both","Automatic",7,"2-Wheel Drive, Rear","Not eqipped",2.65,25.7,4750,341.76,0.1847,0.00281,0.0058,"Three-way catalyst",8
,1,20,368,25,603,"Car","Automatic",5,"2-Wheel Drive, Rear","Not eqipped",2.65,29.5,4750,355.26,0.2306,0.01041,0.0009,"Three-way catalyst",12
,1,20,369,36.2,228,"Car","Automatic",7,"2-Wheel Drive, Rear","Not eqipped",3.27,33.2,3625,244.82,0.0881,0.00119,0.0087,"Three-way catalyst",6
,1,20,370,35.2,301,"Car","Automatic",7,"2-Wheel Drive, Rear","Not eqipped",3.27,32.9,3625,251.87,0.0717,0.0182,0.0029,"Three-way catalyst",6
,1,20,371,26.8,563,"Car","Automated Manual",7,"2-Wheel Drive, Rear","Not eqipped",3.67,33.8,4000,329.52,0.1014,0.00753,0.0054,"Three-way catalyst",8
,1,20,372,57.8,70,"Car","Automated Manual",5,"2-Wheel Drive, Rear","Equipped, not shifted by SIL",4.53,52.9,2125,154.19,0.2211,0.01106,0.0012,"Three-way catalyst",3
,1,20,373,112.9,41,"Car","Automatic",1,"2-Wheel Drive, Rear","Not eqipped",1,151.2,2375,,,,,,
,1,21,374,46.6,143,"Car","Manual",5,"2-Wheel Drive, Front","Not eqipped",3.94,41.9,3250,191.33184,0.00267,0.00105,0.00071,"Three-way catalyst",4
,1,21,375,30.6,291,"Car","Automated Manual",6,"All Wheel Drive","Not eqipped",4.06,42.3,3875,289.64471,0.26164,0.01352,0.00602,"Three-way catalyst",4
,1,21,376,44.4,143,"Car","Other",1,"2-Wheel Drive, Front","Not eqipped",5.41,29.2,3375,200.0207,0.00269,0.00089,0.00123,"Three-way catalyst",4
,1,21,377,36,230,"Truck","Semi-Automatic",6,"2-Wheel Drive, Front","Not eqipped",3.57,30.9,4000,246.16432,0.33494,0.01986,0.00297,"Three-way catalyst",6
,1,21,378,34.5,230,"Truck","Semi-Automatic",6,"4-Wheel Drive","Not eqipped",3.57,30.9,4250,257.0752486,0.2380908,0.0134269,0.0036379,"Three-way catalyst",6
,1,21,379,41.5,143,"Truck","Other",1,"2-Wheel Drive, Front","Not eqipped",6.47,32.2,3500,214.221016,0.0004485,0.0011548,0.0039212,"Three-way catalyst",4
,1,21,380,41.2,148,"Truck","Other",1,"4-Wheel Drive","Not eqipped",6.47,32.2,3625,214.80894,0.36191,0.0101,0.00087,"Three-way catalyst",4
,1,21,381,39.4,162,"Car","Semi-Automatic",4,"2-Wheel Drive, Front","Not eqipped",4.21,38.1,3750,225.74037,0.05844,0.0057,0.01797,"Three-way catalyst",4
,1,21,382,38.2,162,"Car","Semi-Automatic",4,"2-Wheel Drive, Front","Not eqipped",4.21,38.9,3875,233.19306,0.05223,0.00487,0.00824,"Three-way catalyst",4
,1,21,383,29.8,225,"Truck","Semi-Automatic",4,"2-Wheel Drive, Front","Not eqipped",4.01,33.1,4250,292.54076,0.13827,0.01314,0.01004,"Three-way catalyst",6
,1,21,384,26.9,225,"Truck","Semi-Automatic",4,"All Wheel Drive","Not eqipped",4.32,35.6,4500,323.90029,0.19556,0.01527,0.00389,"Three-way catalyst",6
,1,21,385,42.5,155,"Car","Semi-Automatic",4,"2-Wheel Drive, Front","Not eqipped",4.21,38.8,3625,208.58954,0.05042,0.00177,0.00617,"Three-way catalyst",4
,1,22,386,25.8,317,"Truck","Automatic",5,"2-Wheel Drive, Rear","Not eqipped",2.94,25.8,6000,345,0.0436,0.0022,0.0041,"Three-way catalyst",8
,1,22,387,32.1,152,"Truck","Manual",5,"2-Wheel Drive, Rear","Not eqipped",4.36,40.4,4000,,,,,"Three-way catalyst",4
,1,22,388,31.8,151,"Truck","Manual",5,"2-Wheel Drive, Rear","Not eqipped",4.08,39.6,4000,280,0.0598,0.0021,0.0026,,
,1,22,389,26,261,"Truck","Automatic",5,"4-Wheel Drive","Not eqipped",3.36,32.1,4750,343,0.087,0.0019,0.0024,"Three-way catalyst",6
,1,22,390,34,297,"Car","Semi-Automatic",7,"2-Wheel Drive, Rear","Not eqipped",3.13,30.5,4250,262,0.1091,0.0041,0.004,"Three-way catalyst",6
,1,22,391,29.5,300,"Both","Semi-Automatic",7,"All Wheel Drive","Not eqipped",3.69,32.8,4750,301,0.1587,0.0018,0.0055,,
,1,22,392,30.9,300,"Both","Semi-Automatic",7,"2-Wheel Drive, Rear","Not eqipped",3.36,29.8,4500,288,0.058,0.0034,0.0048,,
,1,22,393,27.5,390,"Truck","Semi-Automatic",7,"All Wheel Drive","Not eqipped",3.54,31.3,5000,324,0.0825,0.0031,0.0042,,
,1,22,394,41,219,"Car","Semi-Automatic",7,"2-Wheel Drive, Rear","Not eqipped",3.36,34.2,3875,218,0.0855,0.0028,0.0025,"Three-way catalyst",6
,1,22,395,38,219,"Car","Semi-Automatic",7,"All Wheel Drive","Not eqipped",3.36,34.2,4000,235,0.1202,0.0029,0.0025,"Three-way catalyst",6
,1,22,396,34.9,320,"Car","Semi-Automatic",7,"2-Wheel Drive, Rear","Not eqipped",3.36,33.4,4500,255,0.063,0.002,0.012,,6
,1,22,397,32.9,325,"Car","Manual",6,"2-Wheel Drive, Rear","Not eqipped",3.92,40.1,4500,,,,,,6
,1,22,398,37.1,326,"Car","Semi-Automatic",7,"2-Wheel Drive, Rear","Not eqipped",3.36,33.6,4000,240,0.1066,0.0083,0.0202,,6
,1,22,399,35.1,326,"Car","Manual",6,"2-Wheel Drive, Rear","Not eqipped",3.69,37.8,4000,253,0.38,0.0084,0.0082,,6
,1,22,400,34.9,326,"Car","Semi-Automatic",7,"All Wheel Drive","Not eqipped",3.36,33.6,4250,255,0.1017,0.0035,0.0094,,6
,1,22,401,37,330,"Car","Semi-Automatic",7,"2-Wheel Drive, Rear","Not eqipped",3.36,32.9,4250,241,0.0978,0.01,0.0113,,6
,1,22,402,33.3,330,"Car","Semi-Automatic",7,"All Wheel Drive","Not eqipped",3.36,32.9,4500,267,0.0885,0.0066,0.0076,,6
,1,22,403,34.3,420,"Car","Semi-Automatic",7,"2-Wheel Drive, Rear","Not eqipped",2.61,25.6,4500,260,0.1169,0.017,0.013,"Three-way catalyst",8
,1,22,404,28.1,400,"Truck","Semi-Automatic",7,"2-Wheel Drive, Rear","Not eqipped",2.94,23.8,6000,317,0.2158,0.0152,0.0066,"Three-way catalyst",8
,1,22,405,27,400,"Truck","Semi-Automatic",7,"4-Wheel Drive","Not eqipped",2.94,23.8,6000,330,0.2183,0.0119,0.0089,"Three-way catalyst",8
,1,22,406,36.9,332,"Car","Semi-Automatic",7,"2-Wheel Drive, Rear","Not eqipped",3.36,33.8,3625,241,0.0708,0.0093,0.0208,,6
,1,22,407,44.8,170,"Car","Continuously Variable",1,"2-Wheel Drive, Front","Not eqipped",5.12,26.8,3500,195,0.0492,0.0005,0.0015,"HC-Adsorber",4
,1,22,408,44.7,175,"Both","Continuously Variable",1,"2-Wheel Drive, Front","Not eqipped",5.12,26.8,3500,199,0.1513,0.0047,0.0042,,4
,1,22,409,38.4,270,"Car","Continuously Variable",1,"2-Wheel Drive, Front","Not eqipped",4.88,28,3625,232,0.118,0.001,0.0126,"Three-way catalyst",6
,1,22,410,43.8,175,"Both","Manual",6,"2-Wheel Drive, Front","Not eqipped",3.81,34,3500,203,0.1603,0.0032,0.0057,,4
,1,22,411,46.6,163,"Car","Continuously Variable",1,"2-Wheel Drive, Front","Not eqipped",3.54,25,3750,187,0.0703,0.0002,0.0048,,
,1,22,412,25.7,317,"Truck","Automatic",5,"2-Wheel Drive, Rear","Not eqipped",2.94,25.8,6000,346,0.0673,0.001,0.004,"Three-way catalyst",8
,1,22,413,43.5,118,"Car","Continuously Variable",1,"2-Wheel Drive, Front","Not eqipped",5.47,33.7,3125,201,0.1517,0.0014,0.0009,"Three-way catalyst",4
,1,22,414,43.7,122,"Car","Continuously Variable",1,"2-Wheel Drive, Front","Not eqipped",5.47,33.7,3125,202.8505994,0.1708374,0.0059101,0.0307274,"Three-way catalyst",4
,1,22,415,29.9,152,"Truck","Automatic",5,"2-Wheel Drive, Rear","Not eqipped",3.69,37,4000,298,0.0951,0.0013,0.0026,"Three-way catalyst",4
,1,22,416,26.4,261,"Truck","Manual",6,"4-Wheel Drive","Not eqipped",3.69,31.3,4750,337,0.1482,0.009,0.0058,"Three-way catalyst",6
,1,22,417,28.1,261,"Truck","Manual",6,"2-Wheel Drive, Rear","Not eqipped",3.54,31.1,4500,317,0.1261,0.002,0.0039,"Three-way catalyst",6
,1,22,418,28.7,261,"Truck","Automatic",5,"2-Wheel Drive, Rear","Not eqipped",2.94,28.1,4500,310,0.0915,0.0045,0.0024,"Three-way catalyst",6
,1,22,419,27.4,261,"Truck","Automatic",5,"4-Wheel Drive","Not eqipped",3.13,30,4750,325,0.0906,0.0068,0.0042,"Three-way catalyst",6
,1,22,420,29.3,480,"Car","Semi-Automatic",6,"All Wheel Drive","Not eqipped",3.7,36.5,4250,304,0.0284,0.002,0.005,,
,1,22,421,45.4,188,"Car","Continuously Variable",1,"2-Wheel Drive, Front","Not eqipped",5.8,30.5,3375,197,0.0182,0.0002,0.0039,"Three-way catalyst",4
,1,22,422,130.6,107,"Car","Other",1,"2-Wheel Drive, Front","Not eqipped",7.94,111.1,3750,,,,,,
,1,22,423,35.2,290,"Both","Continuously Variable",1,"2-Wheel Drive, Front","Not eqipped",5.17,29.6,3875,253,0.1253,0.0025,0.0157,"Three-way catalyst",6
,1,22,424,36.3,290,"Car","Continuously Variable",1,"2-Wheel Drive, Front","Not eqipped",5.17,29.4,3875,245,0.0854,0.0025,0.0138,,
,1,22,425,32.5,265,"Truck","Continuously Variable",1,"2-Wheel Drive, Front","Not eqipped",5.17,26.7,4250,275,0.0636,0.0022,0.0099,"Three-way catalyst",6
,1,22,426,32.9,265,"Truck","Continuously Variable",1,"All Wheel Drive","Not eqipped",5.17,26.7,4250,272,0.0819,0.0026,0.0081,"Three-way catalyst",6
,1,22,427,30.6,265,"Truck","Continuously Variable",1,"All Wheel Drive","Not eqipped",5.17,26.4,4750,291,0.1035,0.0015,0.0024,"Three-way catalyst",6
,1,22,428,26.6,266,"Truck","Semi-Automatic",5,"4-Wheel Drive","Not eqipped",3.36,32.2,5250,335,0.081,0.0046,0.0016,"Three-way catalyst",6
,1,22,429,29.9,266,"Truck","Semi-Automatic",5,"2-Wheel Drive, Rear","Not eqipped",3.13,30,5000,298,0.0002,0.0024,0.0029,"Three-way catalyst",6
,1,22,430,28.3,266,"Truck","Automatic",5,"4-Wheel Drive","Not eqipped",3.36,32.4,5000,315,0.0904,0.004,0.0017,"Three-way catalyst",6
,1,22,431,34.8,253,"Truck","Continuously Variable",1,"2-Wheel Drive, Front","Not eqipped",4.88,27.5,4750,256,0.0457,0.001,0.0027,"Three-way catalyst",6
,1,22,432,36.8,170,"Both","Continuously Variable",1,"All Wheel Drive","Not eqipped",5.8,28.9,3750,242,0.0688,0.0011,0.0738,"Three-way catalyst",4
,1,22,433,37.9,170,"Both","Continuously Variable",1,"All Wheel Drive","Not eqipped",5.8,29.1,3875,235,0.0885,0.0021,0.0768,"Three-way catalyst",4
,1,22,434,38.9,170,"Both","Continuously Variable",1,"2-Wheel Drive, Front","Not eqipped",5.8,28.9,3625,230,0.0911,0.0024,0.036,"Three-way catalyst",4
,1,22,435,39.4,170,"Both","Continuously Variable",1,"2-Wheel Drive, Front","Not eqipped",5.8,29.1,3625,225.4802545,0.1130929,0.0028259,0.0172524,"Three-way catalyst",4
,1,22,436,43.2,140,"Car","Manual",6,"2-Wheel Drive, Front","Not eqipped",3.93,42.8,3250,206,0.2095,0.004,0.0045,"Three-way catalyst",4
,1,22,437,49.1,140,"Car","Continuously Variable",1,"2-Wheel Drive, Front","Not eqipped",5.12,27.3,3250,182,0.0859,0.0011,0.0054,"Three-way catalyst",4
,1,22,438,48,135,"Car","Continuously Variable",1,"2-Wheel Drive, Front","Not eqipped",5.12,27.3,3250,182,0.1368,0.0009,0.001,"Three-way catalyst",4
,1,22,439,42.6,177,"Car","Continuously Variable",1,"2-Wheel Drive, Front","Not eqipped",5.41,29.6,3375,209,0.074,0.0082,0.01,,
,1,22,440,46.5,107,"Car","Automatic",4,"2-Wheel Drive, Front","Not eqipped",4.07,42.5,2875,190.5182951,0.0577529,0.0017566,0.0028749,"Three-way catalyst",4
,1,22,441,47.3,102,"Car","Manual",5,"2-Wheel Drive, Front","Not eqipped",4.07,49.9,2875,188,0.0548,0.0007,0.0068,"Three-way catalyst",4
,1,22,442,44.2,120,"Car","Manual",6,"2-Wheel Drive, Front","Not eqipped",3.93,45.7,3000,201,0.0747,0.0021,0.0012,,
,1,22,443,48.2,122,"Car","Continuously Variable",1,"2-Wheel Drive, Front","Not eqipped",5.47,33.5,3125,185,0.0531,0.0019,0.0277,"Three-way catalyst",4
,1,22,444,30.4,261,"Truck","Automatic",5,"2-Wheel Drive, Rear","Not eqipped",2.94,28.1,4500,292,0.1406,0.0028,0.0028,"Three-way catalyst",6
,1,22,445,24.2,310,"Truck","Automatic",5,"4-Wheel Drive","Not eqipped",2.94,28,5250,368,0.0691,0.003,0.0052,"Three-way catalyst",8
,1,22,446,39.6,200,"Car","Manual",6,"2-Wheel Drive, Front","Not eqipped",4.43,38.8,3375,225,0.1121,0.0098,0.0185,,
,1,22,447,30.6,152,"Truck","Automatic",5,"2-Wheel Drive, Rear","Not eqipped",3.92,37.5,4000,,,,,"Three-way catalyst",4
,1,22,448,16.1,317,"Truck","Automatic",5,"4-Wheel Drive","Not eqipped",3.36,29.9,6000,392,0.1017,0.0008,0.0033,"Three-way catalyst",8
,1,22,449,18.4,317,"Truck","Automatic",5,"2-Wheel Drive, Rear","Not eqipped",2.94,26.1,5500,342,0.0553,0.0014,0.0088,"Three-way catalyst",8
,1,22,450,22.7,317,"Truck","Automatic",5,"4-Wheel Drive","Not eqipped",3.36,29.4,6000,392,0.0637,0.0022,0.0037,"Three-way catalyst",8
,1,23,451,35.6,345,"Car","Manual",6,"2-Wheel Drive, Rear","Not eqipped",3.44,40,3625,249.33,0.01951,0.01138,0.0054,"Three-way catalyst",6
,1,23,452,36,385,"Car","Manual",6,"2-Wheel Drive, Rear","Not eqipped",3.44,40.5,3750,245.78149,0.0249,0.00552,0.00225,"Three-way catalyst",6
,1,23,453,32.3,530,"Car","Manual",6,"2-Wheel Drive, Rear","Not eqipped",3.44,32.7,3500,275.21596,0.2084,0.00036,0.0049,"Three-way catalyst",6
,1,23,454,28.4,435,"Car","Manual",6,"2-Wheel Drive, Rear","Equipped, shifted by survey schedule",3.44,41.7,3375,312.5799361,0.1042989,0.0065232,0.0062125,"Three-way catalyst",6
,1,23,455,33.2,500,"Car","Manual",6,"2-Wheel Drive, Rear","Not eqipped",3.44,35.9,3875,267.30796,0.02538,0,0.0034,"Three-way catalyst",6
,1,23,456,34.1,530,"Car","Automatic",7,"2-Wheel Drive, Rear","Not eqipped",3.44,28.2,4000,260.00128,0.0274,0.00446,0.0056,"Three-way catalyst",6
,1,23,457,32.3,300,"Truck","Semi-Automatic",8,"All Wheel Drive","Not eqipped",3.7,53.7,5000,274.6329096,0.0345752,0.0034084,0.0044778,"Three-way catalyst",6
,1,23,458,31.6,400,"Truck","Automatic",8,"All Wheel Drive","Not eqipped",3.1,43.9,5000,280.68138,0.026,0,0.0051,"Three-way catalyst",8
,1,23,459,29.9,500,"Truck","Automatic",8,"All Wheel Drive","Not eqipped",2.92,42,5250,296.51336,0.02431,0,0.00367,"Three-way catalyst",8
,1,23,460,41.4,265,"Car","Automatic",7,"2-Wheel Drive, Rear","Not eqipped",3.25,43.1,3500,214.17055,0.00732,0.00069,0.006,"Three-way catalyst",6
,1,23,461,37.1,320,"Car","Manual",6,"2-Wheel Drive, Rear","Not eqipped",3.89,41.6,3500,241.1267,0.0095,0.00035,0.0044,"Three-way catalyst",6
,1,23,462,36.5,300,"Car","Automatic",7,"4-Wheel Drive","Not eqipped",3.9,48.7,4500,242.83073,0.2204,0,0.0072,"Three-way catalyst",6
,1,23,463,33.2,400,"Car","Automatic",7,"2-Wheel Drive, Rear","Not eqipped",3.55,44.2,4500,266.6925,0.0546,0.00417,0.00445,"Three-way catalyst",8
,1,23,464,32,500,"Car","Automatic",7,"All Wheel Drive","Not eqipped",3.15,38.8,4750,276.5349,0.337,0.00196,0.00322,"Three-way catalyst",8
,1,24,465,27.3,563,"Car","Automatic",8,"2-Wheel Drive, Rear","Not eqipped",2.81,22.3,5500,324.89,0.2105,0,0.0035,"Three-way catalyst",12
,1,24,466,24.2,453,"Car","Semi-Automatic",6,"2-Wheel Drive, Rear","Not eqipped",3.46,26.6,6000,368.14,0.3918,0.00057,0.0001,"Three-way catalyst",12
,1,25,467,40.5,207,"Car","Manual",6,"2-Wheel Drive, Front","Not eqipped",3.55,30.1,4000,205,0.02,0.005,0,"Three-way catalyst",4
,1,25,468,41,207,"Car","Manual",6,"All Wheel Drive","Not eqipped",3.76,31.2,4000,205,0.02,0.005,0,"Three-way catalyst",4
,1,25,469,43.1,207,"Car","Manual",6,"2-Wheel Drive, Front","Not eqipped",3.55,29.9,3625,205,0.02,0.005,0,"Three-way catalyst",4
,1,25,470,37.4,210,"Car","Semi-Automatic",5,"2-Wheel Drive, Front","Not eqipped",2.44,33.1,3875,237.914,0.05881,0.01366,0.0053,"Three-way catalyst",4
,1,25,471,32.7,220,"Car","Manual",6,"2-Wheel Drive, Front","Not eqipped",3.76,30.3,4000,184.799,0.087,0.0052,0.0037,"Three-way catalyst",4
,1,25,472,37.6,300,"Car","Semi-Automatic",6,"All Wheel Drive","Not eqipped",3.2,28.7,4500,232.803,0.0127,0.00056,0.00153,"Three-way catalyst",6
,1,26,473,37,170,"Both","Semi-Automatic",4,"All Wheel Drive","Not eqipped",4.44,40.4,3625,241,0.03,0.0004,0.003,"Three-way catalyst",4
,1,26,474,31.2,305,"Both","Manual",6,"All Wheel Drive","Not eqipped",3.9,39.8,3750,283.9865967,0.2805962,0.0347465,0.0067226,"Three-way catalyst",4
,1,26,475,34.6,265,"Both","Manual",5,"All Wheel Drive","Not eqipped",3.9,39.4,3625,258,0.07,0.0159,0.007,"Three-way catalyst",4
,1,26,476,37,170,"Both","Manual",5,"All Wheel Drive","Not eqipped",3.9,42.4,3375,240.1078,0.0005,0.0004,0.0021,,
,1,26,477,34.4,256,"Both","Manual",5,"All Wheel Drive","Not eqipped",3.08,34.5,3875,258,0.01,0.0003,0.003,"Three-way catalyst",6
,1,26,478,42.1,170,"Both","Continuously Variable",1,"All Wheel Drive","Not eqipped",3.7,28.4,3625,211.0910664,0.0183288,0.0031025,0.003902,"Three-way catalyst",4
,1,26,479,33.5,256,"Both","Automatic",5,"All Wheel Drive","Not eqipped",3.08,32.8,4000,265,0.01,0.0005,0.004,"Three-way catalyst",6
,1,26,480,29.5,256,"Both","Semi-Automatic",5,"All Wheel Drive","Not eqipped",3.58,35.6,4500,301,0.05,0.0013,0.004,"Three-way catalyst",6
,1,27,481,34.3,166,"Truck","Automatic",4,"2-Wheel Drive, Rear","Not eqipped",5.13,43,3750,257.4626,0.0651116,0.000897,0.0043659,"Three-way catalyst",4
,1,27,482,32.3,166,"Truck","Automatic",4,"4-Wheel Drive","Not eqipped",5.13,43,3875,273.0272,0.0635453,0.0009101,0.0025189,"Three-way catalyst",4
,1,27,483,40.8,185,"Car","Continuously Variable",1,"All Wheel Drive","Not eqipped",5.8,30,3750,216.9521,0.0238245,0.0020227,0.0055833,"Three-way catalyst",4
,1,27,484,42.4,185,"Car","Continuously Variable",1,"2-Wheel Drive, Front","Not eqipped",5.8,30,3625,208.9891,0.0215993,0.0022582,0.0063344,"Three-way catalyst",4
,1,27,485,41.6,150,"Car","Continuously Variable",1,"2-Wheel Drive, Front","Not eqipped",5.8,31.5,3250,211.8351,0.0274944,0.0045266,0.0058807,"Three-way catalyst",4
,1,27,486,41.3,150,"Car","Continuously Variable",1,"All Wheel Drive","Not eqipped",5.8,30.9,3375,214.6839876,0.1375115,0.0093168,0.0081284,"Three-way catalyst",4
,1,28,487,31.4,270,"Truck","Automatic",5,"2-Wheel Drive, Rear","Not eqipped",3.73,29.2,4750,281.3089209,0.0632929,0.0048892,0.0032027,"Three-way catalyst",6
,1,28,488,30,270,"Truck","Automatic",5,"4-Wheel Drive","Not eqipped",3.73,29.2,5000,291.6814878,0.0591742,0.0042553,0.003297,"Three-way catalyst",6
,1,28,489,46.8,169,"Car","Manual",6,"2-Wheel Drive, Front","Not eqipped",4.06,35.8,3625,189.2914533,0.0096062,0.0019508,0.0061092,"Three-way catalyst",4
,1,28,490,48.2,147,"Car","Continuously Variable",1,"2-Wheel Drive, Front","Not eqipped",3.54,22.1,4000,180.7638111,0.0069064,0.0003788,0.0049118,,
,1,28,491,42.6,158,"Car","Automatic",5,"2-Wheel Drive, Front","Not eqipped",3.39,33.5,3250,209.4892783,0.0085799,0.0016547,0.0025843,,
,1,28,492,39.3,158,"Car","Manual",5,"2-Wheel Drive, Front","Not eqipped",4.24,43.4,3500,224.8214831,0.0057684,0.0010008,0.0158182,,
,1,28,493,57.9,98,"Car","Continuously Variable",1,"2-Wheel Drive, Front","Not eqipped",3.27,26.9,3500,152.7639478,0.0418111,0.0005757,0.001872,"Three-way catalyst",4
,1,28,494,38.3,272,"Car","Automatic",6,"2-Wheel Drive, Front","Not eqipped",3.69,29.9,4000,227.834395,0.0025229,0.0007069,0.0034208,,
,1,28,495,30.2,260,"Truck","Automatic",5,"2-Wheel Drive, Rear","Not eqipped",3.73,29.2,4500,292.952708,0.0686513,0.0043447,0.0033139,"Three-way catalyst",6
,1,28,496,27,260,"Truck","Manual",6,"4-Wheel Drive","Not eqipped",3.91,34.2,4750,327.0417144,0.0969096,0.005376,0.0025175,"Three-way catalyst",6
,1,28,497,36.5,303,"Car","Automatic",6,"2-Wheel Drive, Rear","Not eqipped",3.77,29.7,4000,242.267912,0.0085056,0.0009063,0.0046899,,
,1,28,498,34.6,303,"Car","Automatic",6,"All Wheel Drive","Not eqipped",3.77,29.7,4250,251.7888799,0.0105774,0.0011823,0.0050812,,
,1,28,499,35.5,292,"Car","Continuously Variable",1,"2-Wheel Drive, Rear","Not eqipped",3.77,22.6,4500,246.1092552,0.0231578,0.0006057,0.0079799,,
,1,28,500,34,342,"Car","Automatic",8,"2-Wheel Drive, Rear","Not eqipped",2.94,27,4250,,,,,,
,1,28,501,28.3,301,"Truck","Semi-Automatic",6,"Part-time 4-Wheel Drive","Not eqipped",3.91,26.5,5500,309.9367967,0.0482744,0.004897,0.0074797,"Three-way catalyst",8
,1,28,502,33.6,270,"Truck","Automatic",5,"2-Wheel Drive, Front","Not eqipped",3.48,31.5,4500,262.6136709,0.0222164,0.0031386,0.0195627,"Three-way catalyst",6
,1,28,503,31,270,"Truck","Automatic",5,"All Wheel Drive","Not eqipped",3.48,31.5,4750,281.2777708,0.0717938,0.0067561,0.0205039,"Three-way catalyst",6
,1,28,504,38.4,231,"Truck","Continuously Variable",1,"All Wheel Drive","Not eqipped",3.54,24.2,5000,230.381738,0.0394164,0.0003197,0.0022658,"Three-way catalyst",6
,1,28,505,49.1,147,"Car","Continuously Variable",1,"2-Wheel Drive, Front","Not eqipped",3.54,28.1,4000,179.774062,0.002481,0.0002384,0.00405,"Three-way catalyst",4
,1,28,506,58.5,94,"Car","Continuously Variable",1,"2-Wheel Drive, Front","Not eqipped",5.4,33.2,2375,148.9969681,0.0371828,0.002233,0.002041,"Three-way catalyst",4
,1,28,507,36.6,204,"Car","Automatic",6,"All Wheel Drive","Not eqipped",4.1,33.4,4000,,,,,"Three-way catalyst",6
,1,28,508,41.7,204,"Car","Automatic",6,"2-Wheel Drive, Rear","Not eqipped",3.91,30.3,3875,211.981317,0.0239296,0.001771,0.0109419,"Three-way catalyst",6
,1,28,509,38.1,306,"Car","Automatic",6,"2-Wheel Drive, Rear","Not eqipped",4.08,31.8,4000,231.9677669,0.0002553,0.0007933,0.0103526,"Three-way catalyst",6
,1,28,510,31.5,416,"Car","Automatic",8,"2-Wheel Drive, Rear","Not eqipped",2.94,26.7,4250,276.6657778,0.0053951,0,0.0057555,,
,1,28,511,24.6,381,"Truck","Automatic",6,"4-Wheel Drive","Not eqipped",3.91,25.8,6000,,,,,,
,1,28,512,32.2,380,"Car","Automatic",8,"All Wheel Drive","Not eqipped",3.13,27.6,5000,275.4849131,0.0027057,0.0009367,0.0042483,,
,1,28,513,34.1,380,"Car","Automatic",8,"2-Wheel Drive, Rear","Not eqipped",2.94,25.3,4750,256.1145167,0.0175252,0.0022885,0.0050521,,
,1,28,514,30.3,389,"Car","Continuously Variable",1,"All Wheel Drive","Not eqipped",3.92,19.4,5500,293.8015854,0.0043914,0.000679,0.0031336,,
,1,28,515,24.3,383,"Truck","Automatic",6,"4-Wheel Drive","Not eqipped",3.91,25.8,6500,364.1291493,0.0059873,0.0055732,0.0050237,,
,1,28,516,69.6,98,"Car","Continuously Variable",1,"2-Wheel Drive, Front","Not eqipped",3.27,26.8,3375,127.1332557,0.0155781,0.0002426,0.0019926,"Three-way catalyst",4
,1,28,517,37.4,269,"Truck","Automatic",5,"2-Wheel Drive, Front","Not eqipped",3.08,28.8,3875,235.858019,0.0060587,0.0012195,0.0054434,,
,1,28,518,35.6,269,"Truck","Automatic",5,"All Wheel Drive","Not eqipped",3.08,28.8,4000,248.2256633,0.011858,0.0019459,0.0086415,,
,1,28,519,34.5,275,"Truck","Automatic",6,"2-Wheel Drive, Front","Not eqipped",4.4,32.3,4750,255.7711551,0.0283757,0.0039113,0.0220681,"Three-way catalyst",6
,1,28,520,34.1,275,"Truck","Automatic",6,"All Wheel Drive","Not eqipped",4.4,32.3,4750,260.277867,0.0260428,0.0035237,0.0108634,"Three-way catalyst",6
,1,28,521,39.5,245,"Truck","Continuously Variable",1,"2-Wheel Drive, Front","Not eqipped",3.54,25.1,5000,224.3584132,0.0385796,0.0003359,0.0014563,"Three-way catalyst",6
,1,28,522,38.8,245,"Truck","Continuously Variable",1,"All Wheel Drive","Not eqipped",3.54,25.1,5000,228.0741092,0.0239236,0.0003862,0.0017528,"Three-way catalyst",6
,1,28,523,38.7,158,"Car","Automatic",4,"2-Wheel Drive, Front","Not eqipped",2.74,39.1,3500,226.4674552,0,0.0011528,0.0069471,,
,1,28,524,46.9,128,"Car","Manual",5,"2-Wheel Drive, Front","Not eqipped",3.94,44.8,3000,185.5892404,0.101331,0.0078351,0.0012007,,
,1,28,525,25.9,381,"Truck","Automatic",6,"2-Wheel Drive, Rear","Not eqipped",4.3,27.5,6000,340.6992581,0.0121621,0.0069672,0.0064569,,
,1,28,526,24.5,381,"Truck","Automatic",6,"Part-time 4-Wheel Drive","Not eqipped",4.3,27.5,6500,361.1277911,0.0060733,0.0062518,0.0048047,"Three-way catalyst",8
,1,28,527,34,266,"Truck","Automatic",6,"2-Wheel Drive, Front","Not eqipped",3.94,29.9,4750,260.2960658,0.0146249,0.00142,0.0059119,"Three-way catalyst",6
,1,28,528,30.2,266,"Truck","Automatic",6,"All Wheel Drive","Not eqipped",4.15,30.9,5000,288.6812776,0.0447864,0.0040645,0.0143763,"Three-way catalyst",6
,1,28,529,36.1,159,"Truck","Manual",5,"2-Wheel Drive, Rear","Not eqipped",3.31,34.6,3875,244.58192,0.017167,0.0025941,0.0021371,"Three-way catalyst",4
,1,28,530,30.2,159,"Truck","Manual",5,"Part-time 4-Wheel Drive","Not eqipped",4.1,38,4250,289.5728875,0.0282382,0.0023149,0.002141,"Three-way catalyst",4
,1,28,531,43.8,180,"Car","Automatic",6,"2-Wheel Drive, Front","Not eqipped",3.82,31.1,3500,201.6995461,0.0081271,0.0016758,0.0030833,"Three-way catalyst",4
,1,28,532,29.2,236,"Truck","Automatic",5,"2-Wheel Drive, Rear","Not eqipped",3.73,30.7,4250,,,,,,
,1,28,533,24.4,236,"Truck","Manual",6,"Part-time 4-Wheel Drive","Not eqipped",3.73,36.2,4500,,,,,"Three-way catalyst",6
,1,28,534,25.4,381,"Truck","Automatic",6,"2-Wheel Drive, Rear","Not eqipped",4.3,27.3,6000,348.3977482,0.0134818,0.0055742,0.0045977,,
,1,28,535,24.2,381,"Truck","Automatic",6,"Part-time 4-Wheel Drive","Not eqipped",4.3,27.4,5500,364.940288,0.0167182,0.0083262,0.0054248,,
,1,28,536,27.7,270,"Truck","Automatic",5,"2-Wheel Drive, Rear","Not eqipped",3.91,30.3,5250,315.5671034,0.0397984,0.0071744,0.0072786,"Three-way catalyst",6
,1,28,537,36.6,268,"Truck","Automatic",6,"2-Wheel Drive, Front","Not eqipped",4.4,31.5,4250,241.9757992,0.0172246,0.0048422,0.006683,,
,1,28,538,35,268,"Truck","Automatic",6,"All Wheel Drive","Not eqipped",4.4,31.5,4500,252.708132,0.0121787,0.0039095,0.0068232,,
,1,28,539,47.9,106,"Car","Automatic",4,"2-Wheel Drive, Front","Not eqipped",4.24,44,2625,184.8605225,0.0044038,0.0026296,0.0061724,,
,1,29,540,42,200,"Car","Automatic",6,"2-Wheel Drive, Front","Not eqipped",3.14,32.4,3625,210,0.12,0.0088,0.002,"Three-way catalyst",4
,1,29,541,41.5,200,"Car","Automatic",6,"2-Wheel Drive, Front","Not eqipped",3.14,32.4,3875,213,0.1,0.0003,0.001,"Three-way catalyst",4
,1,29,542,62,140,"Car","Manual",6,"2-Wheel Drive, Front","Not eqipped",2.76,27.5,3375,164,0.002,0.0308,0.0008,"NOx Adsorber",4
,1,29,543,60.5,140,"Car","Manual",6,"2-Wheel Drive, Front","Not eqipped",3.04,27.5,3500,168,0,0.0544,0.0006,"Oxidation catalyst",4
,1,29,544,56.2,140,"Car","Automatic",6,"2-Wheel Drive, Front","Not eqipped",3.04,32,3750,181.1734085,0.0074327,0.0021418,0.0045899,,
,1,29,545,41.7,200,"Car","Manual",6,"2-Wheel Drive, Front","Not eqipped",3.09,39.1,3625,213,0.14,0.0031,0.006,"Three-way catalyst",4
,1,29,546,33.5,280,"Car","Automatic",6,"All Wheel Drive","Not eqipped",3.45,32.4,4250,265,0.13,0.0016,0.009,,
,1,29,547,31.6,280,"Truck","Automatic",8,"All Wheel Drive","Not eqipped",3.7,44.1,5250,281,0.05,0.0095,0.009,"Three-way catalyst",6
,1,30,548,41.8,227,"Car","Semi-Automatic",5,"2-Wheel Drive, Front","Not eqipped",2.27,31.9,3500,210,0.05,0.01,0.003,"Three-way catalyst",5
,1,30,549,39,227,"Car","Semi-Automatic",5,"2-Wheel Drive, Front","Not eqipped",2.27,31.6,4000,225,0.06,0.018,0.003,"Three-way catalyst",5
,1,30,550,35.8,300,"Both","Semi-Automatic",6,"All Wheel Drive","Not eqipped",3.33,31.4,4000,245,0.24,0.016,0.005,"Three-way catalyst",6
,1,30,551,37.6,240,"Both","Semi-Automatic",6,"2-Wheel Drive, Front","Not eqipped",3.33,30.7,4000,232.0825578,0.1163317,0.0021877,0.001553,"Three-way catalyst",6
,1,30,552,37.3,230,"Both","Semi-Automatic",6,"2-Wheel Drive, Front","Not eqipped",3.33,30.7,4000,235,0.27,0,0.002,"Three-way catalyst",6
,1,30,553,32.7,230,"Both","Semi-Automatic",6,"All Wheel Drive","Not eqipped",3.75,30.8,4500,268,0.23,0.0004,0.005,"Three-way catalyst",6
,1,30,554,35.1,240,"Both","Semi-Automatic",6,"2-Wheel Drive, Front","Not eqipped",3.75,30.8,4250,250,0.09,0.003,0.003,"Three-way catalyst",6
,1,30,555,34.2,230,"Both","Semi-Automatic",6,"2-Wheel Drive, Front","Not eqipped",3.75,30.8,4250,256,0.33,0,0.002,"Three-way catalyst",6
,1,30,556,33.9,240,"Both","Semi-Automatic",6,"All Wheel Drive","Not eqipped",3.75,30.8,4500,259,0.14,0.008,0.013,"Three-way catalyst",6
,1,30,557,31.1,300,"Both","Semi-Automatic",6,"All Wheel Drive","Not eqipped",3.75,30.8,4500,280.427969,0.3392049,0.0110977,0.0018766,"Three-way catalyst",6
,1,30,558,34.1,240,"Both","Semi-Automatic",6,"All Wheel Drive","Not eqipped",3.75,33.2,4500,257,0.12,0.006,0.01,"Three-way catalyst",6
,1,30,559,33.1,230,"Both","Semi-Automatic",6,"All Wheel Drive","Not eqipped",3.75,33.2,4500,265,0.24,0,0.002,"Three-way catalyst",6
,1,30,560,35,240,"Both","Semi-Automatic",6,"2-Wheel Drive, Front","Not eqipped",3.75,33.2,4250,251,0.12,0.006,0.008,"Three-way catalyst",6
,1,30,561,33.3,230,"Both","Semi-Automatic",6,"2-Wheel Drive, Front","Not eqipped",3.75,33.2,4250,263,0.28,0,0.002,"Three-way catalyst",6
,1,30,562,32.7,300,"Both","Semi-Automatic",6,"All Wheel Drive","Not eqipped",3.46,30.3,4500,268,0.29,0.016,0.005,"Three-way catalyst",6
,1,30,563,30.4,240,"Both","Semi-Automatic",6,"All Wheel Drive","Not eqipped",4.06,32.8,5000,288,0.25,0.008,0.019,"Three-way catalyst",6
,1,30,564,30.8,240,"Both","Semi-Automatic",6,"2-Wheel Drive, Front","Not eqipped",4.06,32.8,5000,285,0.25,0.009,0.016,"Three-way catalyst",6
,1,30,565,27.2,311,"Truck","Semi-Automatic",6,"All Wheel Drive","Not eqipped",3.33,26.9,5250,323,0.19,0.008,0.008,"Three-way catalyst",8
,1,31,566,28,213,"Car","Automatic",4,"2-Wheel Drive, Rear","Not eqipped",3.45,28.4,5500,292.55,0.17198,0.00504,0.00988,,
